"Marca temporal","Acepto que mi hijo/hija participe en esta consulta","Sexo","Edad (en a침os y meses)","Centro educativo","Nivel educativo","Provincia donde vives","1.	쮺u치ntas personas viven en tu casa incluy칠ndote a vos?","2.	쮻ispone tu casa de alg칰n espacio donde puedas jugar?","3.	쮺u치les han sido tus mayores preocupaciones durante la pandemia del COVID-19?","4.	En el tiempo que has pasado en tu casa durante la pandemia del COVID-19, 쯤u칠 sentimientos o emociones has sentido?. Menciona tres de ellos ","5.	Durante la pandemia, 쯘n que momentos o situaciones te has sentido muy bien?","6.	Durante esta pandemia, 쯘n que momentos o situaciones te has sentido triste o desanimado?","7.	Menciona tres actividades que has realizado durante esta pandemia y que te hayan hecho sentirte feliz.","8.	쯈u칠 otro tipo de actividades, adem치s de las mencionadas anteriormente, has realizado durante este tiempo en casa?","9.	Si pudieras pedir un deseo en este momento 쯖u치l ser칤a?"
"8/24/2020 14:16:14","Si","Ni침o","11 a침os 3 meses ","P칰blico","Quinto","Alajuela","3","S칤","Las tareas ","Felicidad,enojos y estr칠s ","Cuando son d칤as libres ","Cuando estoy cansado","Andar en bicicleta ,jugar bola y tener tiempo libre ","Jugar play ,comer y estar sano ","Set-up gaming "
"8/24/2020 19:24:57","Si","Ni침a","11 a침os y 3 meses ","P칰blico","Quinto","Heredia","4","S칤","Que dure mucho tiempo m치s ","triste, aburrida y algunas veces feliz ","Cuando vi a mis abuelitos despu칠s de mucho tiempo de no verlos","Cuando paso mucho tiempo sin ver o hablar con mi familia t칤os, abuelos... ","Mi cumplia침ero, el cumplea침os de mi hermano y jugar con mi hermano ","Tareas, clases y juegos","Que termine la pandemia"
"8/24/2020 21:21:53","Si","Ni침a","12","Privado","Sexto","Alajuela","4","S칤","Clases virtuales ","Felicidad, diversi칩n, enojo ","Cuando voy afuera ","Cuando mi mam치 me rega침a por no hacer los trabajos que mandan en la escuela ","Tye-dye , video llamadas y pintar","Pintar mi cuarto ","Que mi mam치 no me moleste todo el tiempo "
"8/26/2020 17:52:36","Si","Ni침a","12 a침os 3 meses","P칰blico","Sexto","Heredia","5","S칤","Contagiarme ,no graduarme ","Asustada, temor ,triste","Poder salir , hablar con mis compa침eras","No poder regresar a la escuela","Compartir con mis hermanos , ver pel칤culas,salir a caminar con mis vecinas","Ver tv , leer ,jugar play","Volver a la escuela y visitar a mis abuelos"
"8/26/2020 18:25:19","Si","Ni침a","10 a침os 3 meses","Privado","Cuarto","San Jos칠","4","S칤","Que muchas personas mueran y que pase m치s de dos a침os en cuarentena.","Felicidad, tristeza y aburrimiento.","Porque toda mi familia est치 sana y cuando volv칤 a comer comida de un restaurante.","Ver las noticias y que me perd칤 un viaje.","Cocinar con mi mam치, poder estar en la casa para jugar con mi perrita y tener m치s tiempo para pintar.","Ver pel칤culas, series, jugar juegos de mesa, hablar con mis amigas y familia por videollamada y tambi칠n tener clases de lunes a viernes de 8 am a 1:30 pm","Que encuentren la cura para el Covid"
"8/26/2020 21:17:32","Si","Ni침o","10 y 3 meses","P칰blico","Cuarto","Heredia","2","S칤","Que a mi familia le de covid ","Felicidad
Tristeza 
Aburrimiento ","Cuando estoy viendo una pel칤cula o serie con mi mam치 y cuando juego con mis amigos a trav칠s de mi consola","-Cuando quiero salir y no puedo
-Cuando se llevan a un gatito que cuid칩 aveces 
-Cuando pienso en mi v칤s -abuelita que muri칩 
-Cuando mis amigos me tratan mal
","1 Cocinar con mi mam치 
2 Cuando veo a mi pap치 
3 Hablar por videollamada o jugar con mis amigos ","- Ordenar
- Pintar y dibujar
- Estar en un campamento virtual de la iglesia 
- Practicar mec치nica
- Estudiar","Que mi vis-abuela no hubiera muerto para que me d칠 de sus consejos sabios y poder seguir viendo partidos con ella "
"8/26/2020 21:33:20","Si","Ni침o","10","P칰blico","Cuarto","San Jos칠","3","S칤","","No tengo","Cuando juego","No me siento as칤","Jugar, estar con mi mam치 y ver tele","Taewkondo, baile","Un play"
"8/27/2020 9:42:53","Si","Ni침a","12a침os","P칰blico","Sexto","Guanacaste","5","S칤","La salud ","Miedo al pensar qtengo que volver a la escuela y me enferme. A veces me cansan las guias ","Fines de semana ","Para vacaciones ","Ver tele, hablar y jugar con mis amigas virtual ","Juegos de mesa ","Qu칠 no este la pandemia y qu칠 a nadie de mi familia le de"
"8/27/2020 10:49:46","Si","Ni침o","9a침os y 11 meses","P칰blico","Cuarto","Guanacaste","5","No","No tener que comer","Tristeza  miedo   ","Cuando estoy en mi casa con mi familia","Casi todos los d칤as ju","Jugar bolincha","Estudiar  y jugar","Que se quite el covi "
"8/27/2020 10:51:37","Si","Ni침a","12 y 3 meses","P칰blico","Sexto","Guanacaste","M치s de 5","S칤","No salir a jugar ","Estr칠s,algunas alegr칤as  ","No se ","Saber que no puedo salir   ","jugar juegos de mesa ,dormir , jugar con mi perro ","Hacer tareas,sembrar ","Poder volver a la escuela y jugar otra vez   "
"8/27/2020 10:53:31","Si","Ni침o","10  y  5  meses","P칰blico","Cuarto","Guanacaste","4","No","No poder regresar a recibir clases y compartir con mis compa침eros ","Aburrimiento 
Tristeza 
Estr칠s ","Cuando comparto por videollamadas con mis primos ","Cuando no puedo salir","Jugar con mis primos
Tener una mascota nueva
Y ver pel칤culas infantiles ","Ir a la finca","Que se termine el coronavirus  "
"8/27/2020 10:56:26","Si","Ni침o","11 a침os y 6 meses ","P칰blico","Quinto","Guanacaste","M치s de 5","S칤","Las clases,tareas virtuales y mi familia","Tristeza,estr칠s y miedo ","Cuando estoy con mi familia","Cuando no puedo ver a mu mam치 y pap치 ","Ver pel칤culas,jugar con mi prima y hermana y comer en familia ","Jugar en familia y sembrar matas en el jard칤n ","Que mi mam치 est칠 con migo todos los d칤as"
"8/27/2020 10:58:39","Si","Ni침o","12 a침os","P칰blico","Quinto","Guanacaste","M치s de 5","S칤","Que mi familia se contagie","Preocupaci칩n estr칠s por estar en serrado","Para el d칤a de la madre que pase tiempo con mi mama","Desde que en peso porque no dejan de salir casos ","No hago ninguna actividad por qu칠 no salgo de mi casa","Ninguna","Que se vaya la pandemia"
"8/27/2020 11:05:01","Si","Ni침a","12 a침os y 1mes","P칰blico","Sexto","Guanacaste","5","S칤","Que les pase algo malo a cualquiera de mi familia.","Por que paso m치s tiempo con mi familia.
Miedo que alguien de mi familia se contagie
Tristeza, porque es mi ultimo a침o escolar en primaria. Y no pude compartir mas ratos agradables con mis compa침eros y docentes.
","Cuando menos casos de contagiados, muertes, hospitalizados y en cuidados intensivos se resgistran.","Cuando se presentan casos en mi comunidad. 
Y al registrar muchos casos de muertos.","Cocinar .
Estar el mayor tiempo con mi burbuja .
Realizar alguna actividad fisica","Ejercicios.
Cantar . 
Bailar.","Que se  termine la pandemia"
"8/27/2020 11:06:30","","Ni침a","10 a침os","P칰blico","Cuarto","San Jos칠","4","S칤","No poder ver a mis amigos. Tambi칠n que nos contagiemos.","Felicidad, preocupaci칩n, aburrimiento.","Cuando comparto con mi familia.","Cuando veo las noticias ","Ver pel칤culas, ver a mis maestros por zoom, jugar con mi hermanita ","Tareas y quehaceres.","Que la pandemia termine "
"8/27/2020 11:06:43","Si","Ni침a","10 a침os 1 mes","P칰blico","Cuarto","Lim칩n","3","S칤","Enfermarnos ","Frustraci칩n, enojo y pereza","Cuando salgo a caminar con mi mam치 ","No regresar a la escuela y a jugar al parque.","Caminar, andar en bici y los trabajos de la escuela ","Ver series de maquillaje y pintar","Que todo vuelva a ser como antes de la pandemia. "
"8/27/2020 11:09:55","Si","Ni침a","11 a침os 7 meses","P칰blico","Quinto","Lim칩n","4","S칤","Que alguno de mi familia se enferme de covid","Tristeza .. ansiedad .. preocupacion","Cuando estoy con mi familia  ","Al darme cuenta que mi compa침erito sali칩 con covid y estuvo en cuidados intensivos  y no poder volver a la escuela Ni a clases de danza ","Ir al r칤o de la  finca  .. andar en bici en mi casa ..","Ejercicios  con mi prof de f칤sica ","Que la pandemia  se terminar치 para volver a compartir con mis compa침eros ...con mis abuelitos y volver a clases de danza a칠rea "
"8/27/2020 11:10:07","Si","Ni침o","11 a침os ","P칰blico","Quinto","San Jos칠","4","S칤","Que por falta del trabajo llegue 칠l hambre ","Alegr칤a, miedo, preocupaci칩n ","Cuando juego ","Cuando extra침o mi escuela ","Jugar, comer y dormir ","Estudiar y ayudar en los deberes de la casa ","Que termine esta pandemia "
"8/27/2020 11:12:09","Si","Ni침a","10 a침os y 6 meses","P칰blico","Cuarto","Lim칩n","M치s de 5","S칤","Que mi familia se enferme del COVID","Triste, angustiada y un poco aburrida ","El tiempo qu칠 pas칩 con mi familia ","Cuando veo las noticias ","Voy a nadar, ando en bici y tenemos muchos 치rboles frutales ","Juegos de mesa","Que desaparezca la pandemia "
"8/27/2020 11:16:40","Si","Ni침o","12 a침os 1mes y 24 d칤as ","P칰blico","Sexto","Lim칩n","4","S칤","Estar encerrado","Frustraci칩n, aburrimiento y pesar","Cuando salgo con mi pap치  andar en bicicleta ","Cuando no salgo a ning칰n lado y tengo muchas tareas","Bicicleta, escribir  canciones con mi pap치, jugar con el celular","Ir a la playa. Jugar con mi hermano. Escuchar m칰sica ","Poder sacarle la m칰sica  a las canciones que he escrito."
"8/27/2020 11:20:15","Si","Ni침o","9 a침os, 10 meses","P칰blico","Cuarto","Lim칩n","4","S칤","La salud ","Preocupaci칩n 
Estres
Dudas","Cuando podemos ver a la familia y saber que est치n bien. ","Cuando no podemos estar con familia y amigos. ","Estar m치s tiempo en casa.
Pasar mas tiempo en familia. ","Cuidar mejor y con m치s tiempo las mascotas. ","Que termine la pandemia"
"8/27/2020 11:21:47","Si","Ni침o","11 a침os y 8 meses","P칰blico","Quinto","Lim칩n","3","S칤","Que no puedo ir ala Escuela. Y no se puede trabajar. Y contagiarme de covid 19.","Aburrimiento. Estr칠s. Preocupaci칩n.","Cuanto es estoy m치s tiempo en familia.","Cuando salimos de la escuela.","Jugar f칰tbol. Estar en clases virtuales. Andar en bici en el patio.","Tareas.","Que termine la pandemia."
"8/27/2020 11:21:51","Si","Ni침o","11 a침os ","P칰blico","Cuarto","Lim칩n","4","No","Enfermarme de covi19 ","Aburrido, estresado y cansado de estar en la casa ","Cuando compartimos en familia","Triste de no poder ir a la escuela ","Jugar legos,salir a ser las compras con mi mam치 y ver a mis compa침eros por teams","Jugar monopolio con mis hermanos","Que se acabe la pandemia y volver a la escuela "
"8/27/2020 11:23:32","Si","Ni침a","12 a침os","P칰blico","Sexto","Lim칩n","4","S칤","Contagiarse 
","Ansiedad
Felicidad 
Preocupaci칩n ","Siempre que estamos en familia","Cuando hablo con mis compa침eros y saber que no podemos jugar","Ir al r칤o 
Jugar en familia
Sentarnos a platicar","Tareas","Que se acabe este virus"
"8/27/2020 11:26:22","Si","Ni침a","12 anos","P칰blico","Sexto","Lim칩n","4","S칤","Contagiarse","Estres preocupacion tristesa","Cuando me quedo en casa","Por las tarde","No compartir cumplea침o un te de canastilla o on aniversario","Ninguno","Que termine la pandemia y ser como antes"
"8/27/2020 11:28:56","Si","Ni침o","12 a침os","P칰blico","Sexto","Lim칩n","5","S칤","Contagiarme","Alegre feliz cansado","Siempre ","En ning칰n momento ","Andar en bici Correr Jugar bola","Hacer las gu칤as y ver tele","Una casa mejor "
"8/27/2020 11:32:54","Si","Ni침o","11 a침os y 10 meses","P칰blico","Sexto","Lim칩n","5","S칤","Que mi familia y yo nos contagiemos
","Cansancio preocupaci칩n y anciedad","Cuando juego en el patio o ponemos una piscina que tenemos","Cuando estudio mucho ","Jugar llamar a mi familia que est치 a distancia y cuando veo pel칤culas","Solo esas","Que todo vuelva a hacer como antes"
"8/27/2020 11:35:34","Si","Ni침a","12 a침os y dos mese ","P칰blico","Sexto","Lim칩n","5","S칤","Enfermarnos","Aveces me preocupo , estr칠s,  nervios ","Cuando hablo con mi familia de cuidarnos y me siento mejor por mi mam치 dice q vamos a estar bien ","Aveces al no poder salir o volver a la escuela ","Ver pel칤culas estar con mi familia y cuando hablo con mis hermanas ","Gu칤as de trabajo v칤deo llamadas con mis compa침eras ","Que se acabe la pandemia y q los enfermos mejoren "
"8/27/2020 11:37:13","Si","Ni침a","10 a침os y 1 mes","P칰blico","Cuarto","Guanacaste","5","S칤","Que a mi familia le de esa enfermedad ","Aburrimiento,  ganas de no hacer nada, saturada de tantas tareas","Cuando puedo salir aunque sea a un mandado con mis pap치s ","Cuando tengo ganas de ir donde mis amistades y no puedo","1 Mejoramos un poco la casa
2 Ahora compartimos m치s tiene en familia 
3 Ya pode hacer mi primera comuni칩n ","Muchas tareas de la escuela 
Ayudar en la casa con el queaser
Tener mis clases virtuales ","Que todos mis tareas est칠n hechas"
"8/27/2020 11:41:20","Si","Ni침a","10 a침os 9 meses ","P칰blico","Cuarto","Alajuela","3","S칤","Contagiarme y tambi칠n mi familia ","Tristeza, extra침o a mis compa침eras de escuela, me da mucha ansiedad ","Cuando comparto con mi familia ","Cuando no tengo con quien jugar o compartir ","Jugar con mi hermana, hablar con mi familia que no veo ","Ver tele, jugar y hacer tareas ","Que esto termine ya y todos estemos bien, para poder estar con la familia "
"8/27/2020 11:44:01","Si","Ni침o","11 a침os y 11 mes","P칰blico","Sexto","Guanacaste","5","S칤","Que mi familia se enferme del virus ","Preocupado
Aburrido
Estresado ","Cuando comparto m치s con mi familia ","Cuando me toca hacer muchas tareas","Ayudaddo a mi familia en las mejoras de la casa
Cu치ndo he salido solo con mi pap치 a pescar
Cu치ndo logr칩 terminar todas las tareas","Ayudar a mis pap치s m치s con las cosas de la casa
Trabajar en la huerta familiar ","Que esto nunca hubiese pasado"
"8/27/2020 11:49:49","Si","Ni침o","12 a침os y 6 meses","P칰blico","Sexto","Lim칩n","5","S칤","Las tareas y trabajos escolares","Estr칠s y aburrimiento","Cuando comparto con mi familia","Cuando no puedo visitar la familia","Salir a jugar al patio, usar m치s el celular y tener un poco m치s tiempo libre","Ninguna","Que se acabe la pandemia"
"8/27/2020 11:51:33","Si","Ni침o","10 a침os","P칰blico","Cuarto","Lim칩n","4","S칤","Las muertes","Enojo / tristeza / felicidad ","Cuando compartimos en familia","Cada d칤a que veo el aumento de los casos","Ir al r칤o / ir a la plaza / ir al rancho y hacer una fogata","Entrenamientos virtuales / cursos te칩ricos de f칰tbol / juegos de mesa","Que abran el f칰tbol infantil"
"8/27/2020 11:53:48","Si","Ni침o","10/11/09","P칰blico","Cuarto","Lim칩n","5","S칤","Enfermarme mi familia y yo","Trizteza.miedo.extra침ar a mis familiares ","En las llamadas de teams","Cuando sabemos no podemos salir.","Compartir con mi familia. Cantamos cumple a mi hermana.mi mama nos puso una piscina ","Jugar con mis hermanas","Que termine la pandemia "
"8/27/2020 11:56:29","Si","Ni침a","10 a침os y 10 meses ","P칰blico","Quinto","Lim칩n","5","S칤","Que se enferme alg칰n miembro de mi familia incluy칠ndome ","Aburrimiento, preocupaci칩n tambi칠n alegr칤a ","Compartir en familia ","El no poder ir donde mi familia ","Jugar , hacer manualidades, hacer galletas , ","Llenar la piscina en el patio d emi casa ","Que se quite el virus para volver a tener una vida normal "
"8/27/2020 12:05:05","Si","Ni침a","11 y 6 meses","P칰blico","Sexto","Guanacaste","M치s de 5","S칤","Que pueda llegar a nosotros","Miedo
Preucapacion
Y fe en Dios de que nada nos va a pasar
","Cuando vea que todos nos cuidamos y somos responsables ","Cuando hay personas que pierden la vida ante el virus ","Jugar con mi familia
Cuidarnos 
Y cultivar plantas","Manualidades
Tareas 
Tecnolog칤a ","Que se acabe el covid y que estemos todos con salud "
"8/27/2020 12:17:19","Si","Ni침o","11 a침os con 3 meses","P칰blico","Quinto","Guanacaste","4","S칤","Que mi familia se enferme.","Miedo.
Sorprendido.
Triste.","Jugando bola.
Jugando en la computadora.","Por no poder ir a la escuela.
No poder darle a manos a mi compa침eros.","Jugar bola.
Jugar con mi familia.","Sembrar arboles.
Hacer tareas.","Que se quite la enfermedad del Covid-19."
"8/27/2020 12:22:49","Si","Ni침a","11a침os y3 meses","P칰blico","Quinto","Guanacaste","3","S칤","Mi preocupaci칩n que mi mam치 est치 si trabajo y aveces tenemos q hacer para comprar la comida","Aveces un poco triste porque no puedo ir al escuela y ver a mis compa침eros y feliz porque he estado m치s unidos como familia ","Estar con mi mam치 y hermana compartir con ellas  ","Un poco triste porque no. Puedes a salir a jugar con mis amigos","Pintar mis libros 
Ayudo en la casa
Estudiar en casa en realizar mis tareas ","Hacer una peque침a huerta con mi mam치 y hermanita","Que todo esto termine y poder salir como antes"
"8/27/2020 12:50:37","Si","Ni침o","10/6 meses","P칰blico","Cuarto","Lim칩n","4","S칤","Que alguno de la familia se contagie","Tristeza , aburrimiento ,cansado de estar s칩lo en caso ","Cuando estamos en familia","Cuando no tengo con quien compartir o jugar","Ir al r칤o , compartir los fines de semana con la familia y salir al patio a jugar","Jugar cartas ,ver pel칤culas ","Que se acabe esta curentena"
"8/27/2020 12:51:02","Si","Ni침a","11 y 9meses","P칰blico","Sexto","Lim칩n","2","S칤","Que alguno de mis familiares se enfermen y pasar alguna necesidad","Estr칠s , aburrimiento, cansancio","Cuando puedo estar con mi familia ","Cuando las cosas se van terminando y no hay plata ","Ver a mi abuelita, poder ir al r칤o con mi familia y tener alimentos","Ejerciosos","Que todo vuelva ser como antes "
"8/27/2020 13:18:13","Si","Ni침o","10 y 3meses","P칰blico","Cuarto","Lim칩n","4","S칤","En frenarme de COVID","1-alejarme de las personas ","Cuando est치n mis papas ","No poder salir a pasear con mi familia "," No hago actividad ","Ninguna ","Que se Acabe la pandemia de COVID19"
"8/27/2020 13:51:13","Si","Ni침a","11  A침os y 6 meses ","P칰blico","Quinto","Lim칩n","3","No","Contagiarme, estabilidad economica","Triste,feliz,nerviosa","Cuando bajaron casos","cuando subieron casos","Ayudar a mi mama,sentirme satisfecha con el trabajo de la escuela,lavar mi ropa","Aprendi hacer arroz","Que se termine la pandemia 游땟"
"8/27/2020 14:02:11","Si","Ni침o","10","P칰blico","Cuarto","Lim칩n","M치s de 5","No","Que se contagie mi familia ","Miedo , inseguridad y querer salir de casa ","En ninguna ","En pocas ocasiones ","He jugando y cuando me compran cosas ","Estudiar ","Tener un mill칩n de deseos mas pero el principal ser millonario 游땔游땔"
"8/27/2020 14:38:10","Si","Ni침o","11 a침os 11meses","P칰blico","Sexto","Guanacaste","M치s de 5","S칤","Estudiar","Felicidad,Tristesa y Furia","Jugado","Cuando no tenia nada que hacer","Jugar- cuidando las pollas que compramos- viendo televisi칩n","Hacer parrilladas con pap치","Que se termine la pandemia"
"8/27/2020 14:48:58","Si","Ni침a","11 a침os con 08 meses y 27 dias ","P칰blico","Sexto","Guanacaste","M치s de 5","No","Que mi familia se contagie","Miedo Tristesa Aburrida ","En ningun momento ","En no ver a mis familiares ","Andar en bici hablar con amigos Actividades de casa ","Las tareas autonomas ","Tener un par de patines talla 37"
"8/27/2020 15:57:37","Si","Ni침a","10 y 11 meses","Privado","Quinto","San Jos칠","3","S칤","El no poder salir, no poder estar con las personas que yo quiero, no ir a la escuela.","Tristeza, aburrimiento y Soledad.","Fines de semana porque puedo disfrutar con mi familia sin preocuparme por el estudio.","Cuando quiero irme donde mi pap치  y cuando no estoy con mis amigos. ","Andar en bicicleta, ir donde mi abuela y hacer manualidades.","Jugar juegos de mesa, ver tele, cocinar y hacer ejercicios.","Que pase esta pandemia."
"8/27/2020 17:06:35","Si","Ni침o","12","Privado","Sexto","Heredia","4","S칤","Ninguna","felicidad y alegria y emoci칩n ","Los fin de semanas por que no tengo clases","ninguna","Saltar la cuerda, jugar voleibol y f칰tbol ","dibujar, jugar pin pon","que el tiempo se pare para disfrutar mi vida sin morir"
"8/27/2020 17:28:39","Si","Ni침o","10a침os y 7meses","P칰blico","Cuarto","San Jos칠","4","S칤","Que se enferme mi familia","Feliz triste y asustado","Siempre que estoy en mi casa con mi familia"," Cuando e querido salir s pasear ","Jugar en familia, hablar con los familiares por videollamadas y jugar con mis mascotas","Jugar play y leer libros ","Que se acabe todo esto del coronavirus "
"8/27/2020 17:32:37","Si","Ni침o","11 y 10 d칤as ","Privado","Cuarto","Heredia","3","S칤","Que alg칰n familiar se contagie ","Enojo, felicidad, miedo ","Cuando vamos a andar en bici con mi burbuja ","Cuando veo los casos en las noticias ","Andar en bicicleta, cocinar y jugar electr칩nicos ","Estudiar, tiempo en familia y ver pel칤culas en familia","Que no existiera el coronavirus "
"8/27/2020 17:49:09","Si","Ni침a","11 a침os 08 meses y 27 dias ","P칰blico","Sexto","Guanacaste","M치s de 5","No","Que mi familia se contagie ","Tristeza Miedo Aburrida ","Cuando llamo a mi familia ","Cuando no puedo salir de mi casa ","Jugar Andar en bici hablar con amigos ","Ninguna otra ","Tener una picsina en casa "
"8/27/2020 17:50:22","Si","Ni침a","12","P칰blico","Sexto","Guanacaste","M치s de 5","S칤","No poder ir ala escuela ya que me cuesta mucho aprendizaje en casa","Tristeza bloqueo y falta de clases","Cuando dicen que van a dar a clases","Cuando estudio","Leer estudiar y estar en familia","Sembrar","Poder ir a clases"
"8/27/2020 17:56:46","Si","Ni침a","10 a침os y 7 meses ","Privado","Cuarto","San Jos칠","4","S칤","Las tareas, no poder ver a mi familia y el estr칠s ","1. Tristeza 
2. Enojo 
3. Felicidad ","Cuando  hacemos recetas o cuando a mis pap치s se les ocurre algo divertido ","Cuando nos dijeron que no pod칤amos salir ","Cocinar 
Actuar 
Leer ","Meditar 
Pintar ","Que esta pandemia se acabe ya. "
"8/27/2020 19:34:40","Si","Ni침o","11con 2meses y 5 d칤as ","P칰blico","Quinto","Guanacaste","M치s de 5","S칤","Que a mi familia le de esta enfermedad tan fea. ","Tristesa
Alegria
Peresa","En mi cumplea침os","Cuando no encuentro que hacer y todo lo que quiero hacer inclulle ir a la calle","Comer
Jugar 
Dormir","Estudiar
Pintar la casa 
Ayudar a limpiar la casa","Que se acabe esta pandemia"
"8/27/2020 20:07:13","Si","Ni침a","9 a침os y 8 meses","P칰blico","","Guanacaste","4","S칤","No ir a la escuela y temor a enfermarme","1-miedo 2-angustia-3-insertidumbre","Cuando sumaban pocos casos","Cuando empezaron a salir muchos casas y personas fallecidas","1-bailar 2-cantar-3-hacer gimnasia","Maquillarme, patinar y salir a caminar","Que se acabe el coronavirus"
"8/27/2020 20:29:40","Si","Ni침a","11 a/2m.","P칰blico","Quinto","Lim칩n","4","S칤","La salud de mi familia. ","Tristeza, alegr칤a e insertidubre. ","Casi siempre. ","Con algunas tareas. ","Jugar, estar con mi familia y conversar con mis amigos. ","Ayudar con la casa. ","Que todos volvi칠ramos a ser como antes del covid. "
"8/27/2020 21:02:08","Si","Ni침a","10 y 11 meses ","P칰blico","Quinto","San Jos칠","4","S칤","Que la familia se enferme ","Miedo aburrimiento y enojo","Cuando hicimos un pastel ","Cuando peleo con mi familia","Hornear jugar estudiar","Leer video juegos ayudar en casa ","Que la pandemia termine"
"8/27/2020 21:19:17","Si","Ni침a","12 a침os y dos meses ","P칰blico","Sexto","Guanacaste","5","S칤","Que me contagie ","Tristeza, me siento orgullosa de todos lo trabajadores que ayudan y se esfuerzan por nuestra salud ","Cuando anuncian muy pocos fallecidos ","Cuando se muere demaciadas personas ","Jugar en mi casa , hablar con los familiares que tengo lejos y hacer trabajos de la escuela ","Jugar con el celular y pasar tiempo con la familia ","Que se fuera la pandemia y no se muriera m치s personas "
"8/27/2020 23:47:25","Si","Ni침a","10 a침os y 5 meses","P칰blico","Cuarto","Guanacaste","5","S칤","La falta de alimentos en mi casa y no poder ir ala escuela","No poder salir a jugar como antes no ir ala escuela y no ver a mis compa침eros","Compartiendo m치s con mi familia","Cuando mi mam치 no tiene comida en nuestro hogar y se le dificulta encontrar trabajo x lo del virus","Las gu칤as compartir en familia y trabajar juntos en la tareas","Jugar con mis hermanos y mi mascota","Q se acabe est치 pandemia y poder vivir normal como antes pero con Cristo en nuestro coraz칩n "
"8/28/2020 8:04:06","Si","Ni침o","10 a침os y 7 meses","P칰blico","Cuarto","Lim칩n","M치s de 5","S칤","Enfermarme","Pereza, tristeza y felicidad ","Cuando juego ","Cuando muri칩 mi abuelo ","Jugar, ir al r칤o, ver televisi칩n ","A ser muchas tareas y a ser un  vivero.","Pedir mil deseos y que Dios nos cuide "
"8/28/2020 9:02:25","Si","Ni침o","10 a침o y 4 meses","P칰blico","Cuarto","Guanacaste","5","S칤","No puedo salir con mi pap치","Frustrado,triste y Feliz","Cuando comparto con mi familia","Cuando veo las estad칤sticas del dia","Estar con mi familia,estar bien de salud y jugar ","Recoger los huevitos de mis gallinas todos los d칤as. Darle croquetas a mis perritas. ","Que se acabe la pandemia para que venga mi hermana de San Jos칠."
"8/28/2020 9:20:35","Si","Ni침o","9a침os10 meses","P칰blico","Cuarto","Guanacaste","4","S칤","Enfermarme y mi familia","Tristeza ,preocupaci칩n y enojo","Poco solo cuando puedo salir a jugar","Cuando estoy encerrado","Ver videos, el tiempo que estoy con mi familia y jugar un rato.","Un d칤a fui 3 horas a la playa nada m치s.","Que ya se termine la pandemia."
"8/28/2020 9:42:29","Si","Ni침a","12 a침os y 10 meses","P칰blico","Sexto","San Jos칠","5","S칤","Miedo por el contagio, que no termine nunca","Felicidad, aburrimiento, enojada","En el cumplea침os de mi mam치 y de mi prima","Cuando informaron que no se pod칤a salir de la casa ni ir a la escuela","Salir a caminar con mascarilla y careta, jugar cartas y estudiar","Estudiar porque son muchas las tareas","Que ya termine la Pandemia"
"8/28/2020 9:43:39","Si","Ni침a","10 a침os","P칰blico","Cuarto","Guanacaste","3","S칤","Que muera mi familia","Tristeza y miedo por la pandemia pero cuando estamos todos juntos ya me siento segura y feliz","C칰a do estamos mis papas mis mascotas y yo juntos","Viendo noticias","Ir ala playa cuando la abrieron y soy ciclista y ya poder ir a entrenar con mis papas","Pintar y ver pel칤culas poner la piscina ","Que termine la pandemia"
"8/28/2020 9:50:16","Si","Ni침a","10","P칰blico","Cuarto","Guanacaste","5","S칤","No poder ir a la escuela ","Tristeza ","Estar con mi mam치 ","Cuando pele칩 con mis hermanos ","Ir a andar en bicicleta comer y ver tele","Visitar una finca con mi familia ","Volver a la escuela "
"8/28/2020 9:54:16","Si","Ni침o","12 a침oz y 5 meses ","P칰blico","Cuarto","Guanacaste","4","S칤","La economia ","Miedo a la enfermedad  preucupacion xla economia  y anciedad  x q ya quiero ir a la escuela  ya quiero salir ","Cuando  juego con mis compa침eros videos.juego","El dia de mi cumplea침os no me ivieron fiesta x esta pandemiaj","Jugar con mis compa침eros x videos  cuando resivo mis lecciones de ingl칠s x video llamada  y cuando  mi maestra yama para preguntar como estoy  y x este medio saber q las personas q quiero estan bien ","Andar en bici en el patio de mi casa ysembrar sandia ayote y maiz en la finca de mis abuelis q esta serca de mi casa","Q esta pandemia termine ya y terner un mejor internec  ya q el q tenemos es satelital y es lento"
"8/28/2020 10:11:35","Si","Ni침a","10 a침os y 8 meses","P칰blico","Cuarto","Guanacaste","4","No","Mis estudios y la situaci칩n econ칩mica de mi familia ya que mi pap치 se qued칩 sin empleo","Tristeza, miedo y a la vez felicidad por compartir m치s tiempo con mi familia ","El tiempo que comparto con mi familia ","En fechas importantes como cumplea침os d칤a del padre o la madre que no pudimos celebrarlo como siempre","Video llamada con mi grupo scout pasar mas tiempo con mi hermanito y las clases virtuales de ingles ","Ayudo mas a mi mam치 en casa veo televisi칩n y juego con mi hermanito","Que esta pandemia pase ya quiero volver a ver a mis familiares y amigos y  que mi pap치 pueda volver a trabajar pronto"
"8/28/2020 10:20:41","Si","Ni침a","11 a침os","P칰blico","Quinto","Alajuela","4","S칤","Q papi no trabaje y qno podamos con los gastos y no podernos cuidar oq no superemos la enfermedad","Tristeza miedo aburrimiento","Que la gente no se siga muriendo  y qno haya tanta discriminasion con emigrantes","Cuando la gente se enferma y se muere  yno poder salir dond mi familia","Ir al rio y jugar con mis amigos compartir lo poco q tenemos ayudar a mamo","Ir a comer frutas compartir con mis padres estar juntos en casa pero sin peliar","Ir a la escuela y q todo esta pandemia pase"
"8/28/2020 10:24:11","Si","Ni침o","11 a침os","P칰blico","Quinto","Heredia","4","S칤","Que enfermemos","Feliz
Temor 
Asombroso ","Al regresar mi mam치 de hospital muchos dias lejos.
Cuando volvio mi maestra
Sembrar mis plantas","Internaron mi mam치 muchos d칤as y no la vi.
Se rompi칩 mi tel칠fono ","Hacer ejercicio 
Sembrar mi huerta
Cocinar
Clases virtuales","Estar en scouts","Que se acabe el Covid, racismo y c치ncer."
"8/28/2020 10:27:41","Si","Ni침a","11 a침os y 2 meses","P칰blico","Quinto","Heredia","4","S칤","El numero de casos y muertes.","Que me he sentido estresada,triste ,preocupada,etc.","Cuqndo compartimos en familia.","Desde que empezo porque no he podido ir a la escuela.","Cuando estoy con mi familia, cuando hujamos bolos y cuando jugamos colocho.","Jugar uno, pintar, dibujar,etc","Que sw acabe la pandemia y deje de morir tamta jente."
"8/28/2020 10:29:28","Si","Ni침o","11 a침os y 0 meses","P칰blico","Quinto","Alajuela","5","S칤","Enfermarse y no salir a ning칰n lugar y compartir con los compa침eros","Felicidad, Tristeza, Frustacci칩n","Porque estoy con mi familia, cuando t칠rmino las gu칤as","Cuando no puedo salir, cuando hice las gu칤as","Mi cumplea침os, Jugar en la casa play station, jugar f칰tbol","Dormir, comer","Que se vaya la pandemia"
"8/28/2020 10:31:21","Si","Ni침o","11","P칰blico","Quinto","Heredia","4","S칤","Contagiarme","Felicidad ,abuerimiento y desesperacion ","Siempre","Nunca","Jugos de mesa
Juegos celular
Estudiar ","Andar en bici
Jugar con mi hermana","Se acabe la pandemia "
"8/28/2020 10:33:25","Si","Ni침o","11 a침os y un mes ","P칰blico","Quinto","San Jos칠","5","S칤","Que alg칰n familiar se contagie ","Tristeza, alegr칤a, frustraci칩n","Cuando estoy con toda la familia ","Cuando alg칰n familiar fuera del n칰cleo a presentado s칤ntomas ","Hacer origami, jugar con mi primo, jugar con mi perrita","Dibujos, juegos con el celular, juegos con mis perros grandes en el patio","Que se terminar치 el covid "
"8/28/2020 10:43:25","Si","Ni침o","10 a침os","P칰blico","Cuarto","Guanacaste","5","S칤","Contagiarse del covi-19","Emoci칩n de ver nacer mi caballito - alegr칤a de verlo crecer -he compartido con mi familia mucho","Cuando pari칩 la yegua ","Creo q gracias a Dios la he pasado muy bien  ","Juego con mis hermanos ,cuido de mis animales, hago tareas ","Sembrar matitas  Como tomate y pipian Chile  cilantro.","Que mi. Familia este siempre bien "
"8/28/2020 10:52:32","Si","Ni침a","11a침os3meses","P칰blico","Quinto","Alajuela","5","S칤","que mis padres se enfermen","estres me enojo y aburrimiento","estar con mi familia","no poder ir donde mi pap치","sembrar ortalisa en casa y cuidar ami perro y compartir mas tiempo con mi hermana","aser postres faciles ","que todo buelva ala normalidad"
"8/28/2020 11:04:39","Si","Ni침o","10","P칰blico","Cuarto","Guanacaste","3","S칤","Trabajo no hay","Tristeza, miedo isertidunbre ","Nose","Nose","Compartir en casa","Ejercicio ","Que todo fuese normal"
"8/28/2020 11:17:47","Si","Ni침a","10 a침os y 8 meses","P칰blico","Cuarto","Guanacaste","5","S칤","Contagiarme","Triste
YA QUIERO VOLVER A LA ESCUELA.
QUIERO VER A MIS AMIGOS.
","En ninguno","Cuando hay muchos casos nuevos","Ir a andar en bicicleta
Jugar en la cera
ESTAR CON LA FAMILIA","Hacer los trabajos de la escuela","QUE SE ACABE LA PANDEMIA"
"8/28/2020 11:56:09","Si","Ni침a","10","P칰blico","Cuarto","Guanacaste","3","S칤","La econom칤a ","Uni칩n, amor y trabajo ","Mi cumplea침os, estar en familia ","Cuando vemos que no podemos salir como antes, y hacer las cosas que hac칤amos ","Jugar primos, cumplea침os, viaje corto a la playa ","Tareas, pel칤culas, jugar ","Que pasara esto ya "
"8/28/2020 12:01:11","Si","Ni침o","11 a침os y 11 meses","P칰blico","Sexto","Lim칩n","4","No","El contagiarnos","Ansiedad, estr칠s, angustia","Cuando veo a mi familia bien"," Cuando veo noticias","Jugar, hablar con mi familia","Ver televisi칩n"," Poder salir a pasear"
"8/28/2020 12:02:54","Si","Ni침o","24.07.2014 ceis a침os y un mes ","P칰blico","","Lim칩n","M치s de 5","S칤","La econom칤a a bajado mucho y el miedo del contagio","Miedo, preocupacion, tristeza 游뗴 ","Al saver que estamos bien mis hijos y yo ","En el momento que los ni침os me disen que se sienten muy aburrido 游뗷 y no se puede salir. ","Ver alguna pel칤cula, ayudarle en sus tareas estar m치s unidos","Actividades de limpieza en casa lo asemos juntos","Que pase todo esto y que regresen ala escuela. "
"8/28/2020 12:05:53","Si","Ni침a","10a침os y8meses","P칰blico","Cuarto","Guanacaste","3","S칤","Miedo a contagiarnos","Preocupasion, solidaridad,Amor al pr칩jimo","Cuando estamos juntos en familia","Cuando veo las noticias","Jugar barbis,jugar con mi mascota ,correr en el patio","Estudiar, bailar en mi casa ","Que Dios derrame sanidad en nuestro planeta y este virus se termine游똂"
"8/28/2020 12:11:38","Si","Ni침a","10 a침os y 7 meses ","P칰blico","Cuarto","Guanacaste","5","S칤","Contagiarnos","Preocupaci칩n, tristeza, angustia","Estar en mi casa con mi familia ","Cuando supe q un primo se contagio de Covid 19","Salir a caminar
Pasar dibujando
Las clases virtuales me hac칤an falta ver a mi compa침eros ","Jugar con mis mascotas ","Que se termine la pandemia, que ya no hayan personas contagiadas para poder tener una vida normal y poder reunirnos en la escuela con mis compa침eros, maestros y hacer las reuniones familiares como antes "
"8/28/2020 12:13:16","Si","Ni침a","10 a침os","P칰blico","Cuarto","Lim칩n","4","S칤","El encierro y la salud ","El miedo ","En casa ","Cuando salen muchos casos","Ejercicio leer caminar ","Cocinar y estudiar ","Que termine este virus "
"8/28/2020 12:18:33","Si","Ni침a","10 a침os 1mes","P칰blico","Cuarto","Guanacaste","3","S칤","enfermar","temor","estando en casa","Cuando uno no puede salir a lugares q lo hacia antes","Jugar ,dormir ,pintar ","Estar en mi picina ","Q todo esto pase ya"
"8/28/2020 12:20:20","Si","Ni침o","13 a침os exactos","P칰blico","Sexto","Lim칩n","3","S칤","Que mi familia se contagie","Miedo y incertidumbre ","Jugando y haciendo tareas","Viendo las noticias ","Pescar, jugar, andar en bicicleta ","Ayudar en los quehaceres ","Que el covid desaparezca"
"8/28/2020 12:20:21","Si","Ni침o","10a침os 3meses","P칰blico","Cuarto","Lim칩n","3","S칤","Que se enferme alg칰n miembro de mi familia","Aburrimiento, tristeza","El d칤a de mi cumplea침os","En los d칤as de vacaciones","Jugar, cuando termino mis tareas","S칩lo las que mencione anteriormente","Que termine la pandemia"
"8/28/2020 12:47:03","Si","Ni침o","11 a침os y  2 meses ","P칰blico","Quinto","Heredia","3","S칤","Salir positivo de covid y ","Enojo, tristeza y felicidad ","Mi cumplea침os","El saber que no se puede ir ala escuela ","Mi cumplea침os 3 de julio ","Jugar ","Que el covid se valla para siempre y poder ir a entrenar "
"8/28/2020 12:55:38","Si","Ni침a","12 marzo del 2008 ","P칰blico","Sexto","Lim칩n","M치s de 5","S칤","Los casos que salen por mi casa ","Preocupaci칩n 
Amor 
Tristeza ","En el que mi Familia se cuida por el covid-19","En el que salgan casos cerca de mi casa ","Jugar
Estar con mis hermanos(a)
A ser Cosas para mi casa e familia ","Casi todas ","Volver a las escuela que nadie de mi familia se muera...."
"8/28/2020 12:55:53","Si","Ni침a","12 marzo del 2008 ","P칰blico","Sexto","Lim칩n","M치s de 5","S칤","Los casos que salen por mi casa ","Preocupaci칩n 
Amor 
Tristeza ","En el que mi Familia se cuida por el covid-19","En el que salgan casos cerca de mi casa ","Jugar
Estar con mis hermanos(a)
A ser Cosas para mi casa e familia ","Casi todas ","Volver a las escuela que nadie de mi familia se muera...."
"8/28/2020 13:47:56","Si","Ni침a","10 a침os y 1 mes ","P칰blico","Cuarto","Lim칩n","4","S칤","Que mi bisabuela se contagie ","Miedo, preocupaciones, tristeza ","En mi cumplea침os ","Cuando un amigo se enfermo de covid","Cocinar con mi familia, jugar y hacer tarea","Cuidar a las mascotas, estar en clases virtuales ","Q termine la pandemia"
"8/28/2020 13:51:26","Si","Ni침o","11 a침os con 8 meses","P칰blico","Cuarto","San Jos칠","3","S칤","Contagiarme"," Ansiedad y tritesa y preocupaci칩n","cuando comenz칩 la pandemia","En estos 14 d칤as de encierro","Educaci칩n f칤sica y origami y jugar bola","Jugar free fire y hablar con mis primos","Salir a jugar"
"8/28/2020 14:13:16","Si","Ni침a","11 y 8 meses ","P칰blico","Quinto","Guanacaste","4","S칤","No poder salir","Estres, enojo y aburrimiento ","No se","El no poder ver a mis amigos","Aprender Coreano, aser videos en like y jugar en la compu","Los trabajos escolares","Que el Covid-19 se termine"
"8/28/2020 14:13:24","Si","Ni침a","11 y 8 meses ","P칰blico","Quinto","Guanacaste","4","S칤","No poder salir","Estres, enojo y aburrimiento ","No se","El no poder ver a mis amigos","Aprender Coreano, aser videos en like y jugar en la compu","Los trabajos escolares","Que el Covid-19 se termine"
"8/28/2020 14:50:05","Si","Ni침a","11 a 1 m","P칰blico","Quinto","Puntarenas","5","S칤","Que se infecte alguien de mi familia o yo.","Anciedad, tristeza, pereza.","Cuando puedo salir al patio a jugar.","Cuando me toca hacer gu칤as y no puedo.","Ver programas de cocina, jugar en el celular y que mi mam치 consiguiera trabajo en medio del despleo que se vive en el pa칤s.","Nadar en bicicleta.","Que la pandemia acabe."
"8/28/2020 14:57:35","Si","Ni침a","10 a침os y 6 meses ","P칰blico","Cuarto","San Jos칠","4","S칤","Que mi familia se infecte ","Preocupaci칩n y alegr칤a ","Cuando juego con mi perro ","Cuando hay muchos casos ","Ir donee mi abuela,jugar con mi perro,jugar con mi prima ","Hacer dibujos,cocinar postres con mi mam치 y jugar con y consola ","Que est치 pandemia acabe!"
"8/28/2020 15:05:52","Si","Ni침o","9 a침os y 11 meses.","P칰blico","Cuarto","Guanacaste","M치s de 5","S칤","Salir de casa por temor a contagiarme y contagiar a mi familia.","Me ciento encerrado
Aburrido
Desesperado.","Cuando juego.
Cuando mi mam치 y mi hermana me vienen a ver.","Cuando se va mi primito.","Cuando juego play.
Cuando veo tele.
Cuando mi pap치 esta libre y me.lleva un rato a la playa.","Estudiar
Ver tele.","Que se vaya la pandemia."
"8/28/2020 15:26:46","Si","Ni침a","10 a침os","P칰blico","Quinto","Lim칩n","4","No","No poder relacionarme con mi familia y no poder compartir con mis compa침eros y profesores ","Aburrimiento, estr칠s, preocupaci칩n de no poder entender muchas veces los trabajos q me env칤an de la escuela ","Cuando comparto con las personas que quiero por video llamada ","Cuando pienso que no vamos a poder regresar a clases en este a침o ","Andar en bicicleta, leer mi libro, jugar con mi mascota ","Ver televisi칩n, hacer manualidades, poner m칰sica para bailar ","Volver a clases, y que esta pandemia termine "
"8/28/2020 17:13:49","Si","Ni침a","12 marzo del 2008 ","P칰blico","Sexto","Lim칩n","M치s de 5","S칤","Los casos que salen por mi casa ","Preocupaci칩n 
Amor 
Tristeza ","En el que mi Familia se cuida por el covid-19","En el que salgan casos cerca de mi casa ","Jugar
Estar con mis hermanos(a)
A ser Cosas para mi casa e familia ","Casi todas ","Volver a las escuela que nadie de mi familia se muera...."
"8/28/2020 17:34:42","Si","Ni침o","10 a침os y 11 meses","P칰blico","Quinto","Lim칩n","4","S칤","Las guias ","alegr칤as tristeza emociones","cuando juego ","cuando tengo que hacer las gu칤as al no saber  como realizarlas "," La ayuda de mi mam치 jugar solo y aveces con mis hermanos ","ver tv ","Sentirme querio siempre,"
"8/28/2020 17:39:02","Si","Ni침a","5a침os Con 4 meses","P칰blico","","Lim칩n","5","S칤","Tuve la experiencia que me dio el covid y nadie nos llam칩 como est치bamos tuvimos hasta de cl칤nica de nadie me sent칤 discriminada ","Triste ","Ninguno ","Desde que comenz칩 el covid ","","Nada","Tener trabajo "
"8/28/2020 19:08:01","Si","Ni침o","10","P칰blico","Cuarto","Guanacaste","3","S칤","Contagiarnos del covid ,no ir a la escuela adem치s que muchos est치n sin trabajo ","Preocupaci칩n  , felicidades","Todos los d칤as porque mi familia est치 sana y unida ","Muchos porque no veo a mi amigos y mi papas est치n sin trabajo ","Jugar bola en el barrio estar con mi familia visitar a mi hermana ","Estudiar ","Que se acabe la pandemia "
"8/28/2020 19:35:06","Si","Ni침o","10","P칰blico","Cuarto","Guanacaste","3","S칤","Infectar me yo o mi familia ","Aburrido tristeza otras feliz x compartir m치s con mi mamita ","Cuando compartimos tiempo comiendo un helado o o pasamos juntos
","Cuando muri칩 mi abuelita y no pude compartir m치s con ella","Jugar compartir en familia ","","Q todo esto terminar치 ya "
"8/29/2020 8:32:02","Si","Ni침o","13 a침os","P칰blico","Sexto","Lim칩n","M치s de 5","S칤","No puedo jugar en el deporte ir a la escuela y graduarme","Conpartir mas con mi mama y mis hermanos y los quiaseres del hogar ","Los fines de semana donde compra pizzA","Cuando tengo las guias de las escuelas","Que mi mama me explica muy bien las matematicas y jugar domino con mis hermanos en la noche y ver peliculas ","Ninguna","Una conputadora"
"8/29/2020 8:45:54","Si","Ni침a","11 a침os y 11 meses ","P칰blico","Sexto","Lim칩n","M치s de 5","No","La comida y la escuela ","Miedo, insertidumbre y ansiedad ","Cuando estoy con mi familia ","Cuando veo noticias malas del covid19","Jugar con mis hermanas y hacer pijamada con mis pap치s ","Estudiar mucho y ayudar a mam치 ","Que se termine la pandemia para poder ir el otro a침o al colegio "
"8/29/2020 14:20:01","Si","Ni침a","12y 7meses","P칰blico","Sexto","Lim칩n","4","S칤","No poder llegar a graduarme","Susto, preocupaci칩n,dudas"," Cuando dijeron que con los trabajos que env칤an a casa se van hagarrar las notas de fin de a침o","En muy pocos","Escuchar musica,convivir con mi familia,hacer ejercicio","Ver pel칤culas ","Qu칠 todo esto acabar치 pandemia"
"8/29/2020 14:20:14","Si","Ni침a","12y 7meses","P칰blico","Sexto","Lim칩n","4","S칤","No poder llegar a graduarme","Susto, preocupaci칩n,dudas"," Cuando dijeron que con los trabajos que env칤an a casa se van hagarrar las notas de fin de a침o","En muy pocos","Escuchar musica,convivir con mi familia,hacer ejercicio","Ver pel칤culas ","Qu칠 todo esto acabar치 pandemia"
"8/30/2020 10:34:05","Si","Ni침o","9 Diciembre","P칰blico","Quinto","Alajuela","M치s de 5","S칤","Que nos contagiemos","Tiste","Nunca","Todo momento","","",""
"8/31/2020 9:23:10","Si","Ni침o","12 y 5 ","P칰blico","Sexto","Lim칩n","M치s de 5","S칤","No poder ir a la escuela","Estr칠s pereza aburrimiento","Pocas veces ","Pocas veces ","Jugar bola en mi casa ","Hacer tareas ","Que terminara est치 pandemia "
"8/31/2020 10:09:59","Si","Ni침o","5 a침os 4 meses","P칰blico","","Alajuela","5","S칤","Contagiarnos  y no poder llevar ami hijo ala escuela ","Convivir mucho mas en familia ","En todo momento  ahora con la pandemia si nos preocupamos en contagiarnos pero si estamos muy bien ","Triste en solo no poder ir ala escuela  ir a los parques a jugar ","Jugar  compartir mucho con mi familia la  ah sido lo mas feliz estar serca de todos ellos","Ayudar ami mama a aser oficios aser mis tareas ","Que la pandemia  pandemia ya no exista en todo el mundo que ya no afecte nuestro pais y ningun otro del mundo ese seria mi deseo"
"8/31/2020 10:33:50","Si","Ni침a","10y 10meses","P칰blico","Quinto","Alajuela","M치s de 5","S칤","No poder ir a la escuela ","Aburrimiento, tristesa","Cuando hago mis tareas y nos conectamos a clases","Cuando veo las noticias ","Salir con mis papas a caminar, selebrar los cumplea침os ","Leer estudiar jugar tocar guitarra ","Que la pandemia no existiera"
"8/31/2020 12:32:14","Si","Ni침o","10 a침os y 2 meses","P칰blico","Cuarto","Guanacaste","4","S칤","Contagiarme, no salir","Tristeza, felicidad, enojo","En ning칰n momento","Cuando no puedo salir ","Jugar, ir un d칤a a la playa y poder salir un ratito ","Hacer muchas tareas","Poder salir"
"8/31/2020 13:30:35","Si","Ni침a","5 a침os","P칰blico","","Alajuela","4","No","","Tristesa   desesperasion ","Me esentido bien por que estoy sana grasias adios","","","","Que esto acabe pronto"
"8/31/2020 15:23:09","Si","Ni침a","12 a침os ","P칰blico","Sexto","San Jos칠","3","S칤","La salud y mi familia, que les vaya a pasar algo por esta pandemia.","Preocupaci칩n, tranquilidad, miedo","Cuando estoy con mi familia y aplicando el protocolo.","Cuando sabe de alguna persona que conoce que tiene el virus, me pone triste.","Estar con mi familia, estudiar, jugar con mis gatos.","Descansar","Que se acabara esta pandemia."
"9/1/2020 8:56:11","Si","Ni침o","12","P칰blico","Sexto","Alajuela","4","S칤","El contagio ","Tristeza felicidad y aburrido ","Cuando usos juegos en Internet o hacemos parrillada","Porque no puedo salir como antes","Cuando realizamos actividades en casa divertidas juegos o cosas","Video juegos ejercicios  bicicleta ","Quisiera tener el poder de sanar a todo el mundo "
"9/1/2020 20:42:25","Si","Ni침a","11 a침os y 9 meses","P칰blico","Quinto","Alajuela","4","S칤","Los casos nuevos, las muertes, contagiarme y contagiar a los dem치s.","Paz, alegr칤a, preocupaci칩n.","Cuando juego, estoy con m칤 familia, me siento feliz que nadie est칠 mal.","Por los casos nuevos, las muertes, cuando hago las tareas.","Jugar, estar con la familia, cuando salgo de la casa.","Talleres de reciclaje, ver programas TV, manualidades.","Que ya no haya pandemia y que podamos salir."
"9/2/2020 3:32:29","Si","Ni침o","10","P칰blico","Quinto","San Jos칠","4","S칤","No ver mis amigos","cansado, aburrido, preocupado","cuando juego con mis papas","empezar la escuela por internet","cocinar, chatear con amigos, ver peliculas","caminar por la monta침a","regresar a la escuela otra vez"
"9/2/2020 14:36:27","Si","Ni침o","10 a침os y 8 meses","P칰blico","Cuarto","San Jos칠","4","S칤","Que mi familia se contagie de covid","Cansado. Aburrido. Mucho trabajo","Cuando estamos todos juntos.","Cuando no puedo salir a jugar","Sembrando en la huerta que hicimos. Viendo alguna pel칤cula. ","Caminar en la caminadora. Ayudar a mami en la casa.","Poder salir. Ver a mis amigos"
"9/2/2020 15:03:08","Si","Ni침a","","P칰blico","Quinto","San Jos칠","4","S칤","Perder a mis padres","Extra침o a mis compa침eros pero en casa me siento segura ","Cuando mi ni침a  nos da clases y cuando estoy con mi familia","Cuando escucho noticias que hablan mal de los maestros","Clases en l칤nea y poder ir a una catarata con mi familia","Jugar ","Que se termine el virus"
"9/3/2020 9:07:21","Si","Ni침o","10 y 3meses","P칰blico","Cuarto","Lim칩n","4","S칤","En frenarme de COVID","1-alejarme de las personas ","Cuando est치n mis papas ","No poder salir a pasear con mi familia "," No hago actividad ","Ninguna ","Que se Acabe la pandemia de COVID19"
"9/3/2020 9:08:12","Si","Ni침a","11 a침os y 6 meses ","Privado","Quinto","Heredia","4","S칤","No podemos salir, no ver a mis abuelitos, no puedo ir a la escuela y jugar con mis amigas, no tuve mi fiesta de cumplea침os ","pereza, tristeza, alegr칤a porque estamos sanos","cuando estoy con mis pap치s y cuando hablo con mis amigas","cuando no podemos salir a visitar a mis abuelitos o pasear ","jugar con mi pap치, hablar con mis amigas, ver videos ","jugar, andar en bici, ver pel칤culas, hacer pasteles con mi mam치 ","Que no exista la enfermedad "
"9/4/2020 6:53:55","Si","Ni침a","12 a침os y 5 meses","P칰blico","Sexto","Alajuela","5","S칤","Que no me pueda graduar fisicamente
Que el pais no esta estable como antes
Enfermarme de covid
Que mi familia se enferme","Tristeza
Enojo 
Pereza","Cuando juego con mis barbies, y mi telefono
Cuando estoy con mi mam치 ","Cuando veo que los casos aumentan 
Que no puedo salir a jugar 
No puedo ir a visitar a mi abuela","Hacer cadenita en tela 
Peinar a mi mama
Ver tele","Video llamadas a mis amigas
Dormir mas
","Que exista una cura del covid para todo el mundo
Graduarme de la escuela f칤sicamente 
Poder salir como antes libremente sin miedo... "
"9/4/2020 7:34:30","Si","Ni침o","10 a침od","P칰blico","Cuarto","San Jos칠","M치s de 5","No","Que mi pap치 tiene pico trabajo, dicen k El presidente no lo deja salir a trabajar bien ","Triste y aburrido con pereza ","Mi cumplea침os me dieron un queque muy lindo de roblox vino gente a verme ","Cuando hago las tareas ","Jugar con un juego nuevo que quer칤a me dieron n mi cumple y salir un ratito a andar en bici pero poco porque mi mam치 dice q me rega침a la policia","Jugar con mi hermano pero ya volvi칩 a la guarder칤a as칤 q ahorita estoy solo. Aveces voy dnd un vecinito a jugar ","Quisiera que todo fuera como antes para que mis pap치s no est칠n preocupados por pagar el banco y la comida "
"9/4/2020 7:37:07","Si","Ni침o","11 a침os 3 meses","P칰blico","Quinto","Lim칩n","M치s de 5","S칤","Infectarse yo o mis pap치s ","Felicidad por estar en casa
Tristesa por la gente enferma
Sorpresa por tanto casos","En un principio cuando no mandaban muchas tareas","Despu칠s de que muchos casos todos los dias","Dormir
Jugar
Comer en familia","Hacer tareas
Ver televisi칩n ","Salir de la casa y volver a la escuela"
"9/4/2020 7:42:37","Si","Ni침a","12","Privado","Sexto","San Jos칠","3","S칤","Enfermarme o que mi familia se Enferme.","Felicidad
Alegr칤a
Un poco de de temor","Cuando estoy con mi familia y cuando juego. ","Cuando dijeron que se pod칤a retornar a clases, por temor. ","Dibujar
Jugar con el Switch
Jugar con legos","Estudiando
Practicar piano
Estar en algunos cursos virtuales","Salud para siempre en toda mi familia"
"9/4/2020 7:45:08","Si","Ni침o","10","P칰blico","Cuarto","San Jos칠","5","S칤","No salir 
","estoy triste, temor, ","me sentido bien ","por no pedo salir","jugar","ningana porque no puedo salir ","que realizar la cura"
"9/4/2020 7:46:38","Si","Ni침a","11","Privado","Quinto","Alajuela","4","S칤","Miedo a el contagio ","Ansiedad, Miedo y Extra침o a mis amigos(a)","Cuando ya me acostumbr칠 a estar en casa 游 y gracias a el apoyo de mis pap치s ","Cuando no pod칤a abrazar a mis abuelitos 游놊游낕游놋游낕","Jugar con mi hermana 游녾游낕, hacer llamadas con mis amigas 游놄 y hacer actividades familiares 游녿꽳릠뽹꽳릠꽳릠","Pintar con pinturas 游뒆 jugar juegos de mesa 鮫 y ver pel칤culas 游꿘 ","Poder salir y ver todos mis familiares y amigos que no pude ver en cuarentena 游땥"
"9/4/2020 7:52:14","Si","Ni침a","10 a침os y 10 meses","Privado","Cuarto","San Jos칠","4","S칤","Que me contagie, que mis pap치s se mueran y toda mi familia se muera, que no tengamos comida y que nos falte el agua.","Enojo, miedo, frustraci칩n.","Cuando juego con mi hiermana y cuando termino todas mis tareas de la escuela, porque son muchas.","Cuando a una de mis mejores amigas se le muri칩 la abuelita.cuando mi pap치 tiene acido 칰rico, cuando mi mam치 esta triste y cuando mi hermana tiene asma y cuando me rega침an.","Jardineria, arte con mi familia, cuando hago pan con mi hermana y mi mam치.","Tareas, proyectos evaluativos, barrer, limpiar, comer en el jardin los domingos.","Que se acabe la pandemia, que no haya hambre en el mundoque los inocentes que hayan muerto por covit  regresen a la vida."
"9/4/2020 8:00:42","Si","Ni침o","11 a침os","Privado","Quinto","San Jos칠","4","S칤","No jugar con el Palystation y miedo al virus","Estr칠s
Cambios de humor ","Cuando hago alguna actividad familiar","Cuando pienso en el play station o en algunos lugares a los q deseo ir como los sky jump o sal칩n de patines","Ir a la playa, ver pel칤cula, comer cosas que me gustan","Ver pel칤culas
Jugar un poco con mi hermanito 
Dormir mucho
Jugar juego electr칩nicos en computadora y celular ","Tener mi PlayStation "
"9/4/2020 8:12:51","Si","Ni침a","12 y 6meses","Privado","Sexto","Cartago","3","S칤","Infectarse de covid","Ansiedad, depresi칩n y estr칠s ","Cuando hablo con mis amigos por videollamada ","Cuando mi mejor amiga no quizo mi amistad y cuando tengo un ataque de p치nico pero no le puedo decir a mi mama","Jugar con mis amigos un juego virtual, ver series con mi Mam치 y ver tele","Lavar platos, hacer ejercicio, comer","Que la Pandemia acabar치 para ver a mis amigos y graduarme de sexto"
"9/4/2020 9:03:33","Si","Ni침a","11","Privado","Quinto","Heredia","4","S칤","Que a alguien le de coronavirus y muera","Feliz porque hago muchas actividades ","Todo el riempo con mi familia","Nunca","Ejercisio,cocinar,spa","Estudiar para los examenes","Que se termine esta pandemia"
"9/4/2020 10:32:34","Si","Ni침o","11 a침os y 8 meses","P칰blico","Quinto","San Jos칠","4","No","contagiarnos de covid","miedo ,tristeza, ansiedad","cuando hay menos contagiados","cuando dicen en las noticias que se muere la gente","clases virtuales, hablar con compa침eros y amigos, saber que mi familia esta bien","jugar con los gatos, video juegos y ayudarle a mi mam치","que se acabe el covid"
"9/4/2020 11:57:23","Si","Ni침a","10 a침os y 10 meses","Privado","Quinto","San Jos칠","4","S칤","Contagiarme","Tristeza, enojo y felicidad ","Jugando con amigas en l칤nea ","Cuando no puedo salir ni ver a compa침eros","Videojuegos, jugar y hablar con amigas en linea","Clases, estudio","Que se termine la pandemia"
"9/4/2020 13:30:35","Si","Ni침o","12 a침os y 3 meses","Privado","Sexto","San Jos칠","4","S칤","Que algun familiar se contagie","Alegria , emocion y sorpresa ","cuando me saco buenas notasen los quizes","en ninguno ","estar con mi familia, ver tele y jugar ","comer mucho ","que se acabe esta pandemia "
"9/4/2020 17:02:04","Si","Ni침o","11 a침os y 8 meses","Privado","Quinto","Cartago","3","S칤","que mi abuelita se contagie porque tiene riesgo de muerte","aburrimiento, pereza y ansiedad","todo el tiempo","nunca","jugar tel칠fono, jugar con mis perros, las fiestas de las clases virtuales","caminar en la caminadora, yoga, cocinar postres","que la pandemia se elimine"
"9/4/2020 22:04:51","Si","Ni침a","10 a침os y 2 meses","Privado","Cuarto","San Jos칠","4","S칤","Que nos enfermemos todos","Estr칠s, tristeza, felicidad","Cuando me dieron una perrita","Cuando extra침o a mis amigos","Jugar barbies, jugar con mi perrita, jugar basketball","Cine en casa, tocar piano, visitar a mi perrita antes de q me la dieran","Que se acabe el coronavirus"
"9/5/2020 8:14:13","Si","Ni침a","10 a침os y 3 meses","P칰blico","Cuarto","San Jos칠","M치s de 5","S칤","Mis mayores preocupaciones durante esta pandemia es que a le de COVID-19 a toda mi familia y a mi","Preocupaci칩n
Miedo
Felicidad ","Cu치ndo toda mi familia y yo estamos compartiendo tiempo juntos ","Cunado me di cuenta que unos familiares sercanos estaban enfermos de COVID - 19","Cunado fui a dejarle el regalo del d칤a de la madre a mi abuelita
Cundo tuve clases virtuales
Cuando sal칤 a saltar la cuerda ","Compartir con mis hermanos
Estar en mi casa","Si pudiera pedir un deseo ser칤a ir a pasear con toda mi familia a Cabinas San Isidro (Puntarenas) "
"9/5/2020 13:21:48","Si","Ni침o","10 a침os y dos meses","Privado","Cuarto","Guanacaste","4","S칤","No ir a la escuela, es m치s facil hacer en papel que computadora. ","Alegre, aburrido y molesto. ","Jugar y logrando hacer tareas","Salir de casa pero no poder bajar del carro, por no ver a mis amigos de la escuela, no puedo jugar y no los puedo abrazar","Hacer tareas, jugar y jugar en el patio. ","Ver peliculas y dormir","Que la pandemia se acabe "
"9/5/2020 17:26:26","Si","Ni침a","12 a침os y 6 meses ","P칰blico","Sexto","San Jos칠","3","No","Mis padres que salen a trabajar. ","Tristeza, paz, compasi칩n ","Cuando estoy con los padres, los amo ","Cuando veo que hay agente que no se cuida ","Ejercicio, recetas de cocina, estar con mis padres y orar ","Orar, ordenar mi cuarto, leer, ejercicio ","Volver a la escuela "
"9/5/2020 18:10:50","Si","Ni침a","11 y 11","Privado","Sexto","San Jos칠","4","S칤","Mi preocupaci칩n es si voy a ganar el a침o","Preocupaci칩n, felicidad de estar m치s tiempo en casa pero tambien inseguridad con la escuela porque es diferente ","Cuando hago reposter칤a con mi abuela","Cuando me trasladaron de escuela. A","Andar en bicicleta con mi t칤o, hermano y padres.
Mi mama me compro un libro de recetas. 
Juegos de mesa con mis padres","Ayudo en limpiar mi casa, acomodar la cocina","Que la Pandemia termine y que no se enferme nadie m치s. "
"9/7/2020 12:32:46","Si","Ni침a","10","P칰blico","Cuarto","Cartago","M치s de 5","S칤","Contagiarme","Feliz,triste y enojada","Cuando juego","Cuando veo las noticias","Jugar, ver TV  y  dormir","Pintar, estudiar y ayudar en la casa","Que mis pap치s no se separen "
"9/7/2020 13:44:24","Si","Ni침o","10 a침os cumplidos","Privado","Cuarto","Cartago","3","S칤","Que afecte a mis seres queridos o a m칤","Enojo miedo alegr칤a","Cuando puedo ver a mis amigos","Cu치ndo no podemos reunirnos","Jugar pasar tiempo en familia ayudar a otros","Atender mi mascota ver pel칤culas","Que todo esto pase pronto"
"9/7/2020 14:28:25","Si","Ni침a","12 a침os 2 meses","P칰blico","Sexto","Cartago","3","S칤","Que alguno de mi familia enferme","Miedo, ansiedad, tristeza por no poder ir a la escuela. Era mi 칰ltimo a침o escolar","Cuando comparto con mi familia ","No poder ver algunos familiares y amigos","Ver pel칤culas, cuando empec칠 clases virtuales, y ayudarle a mam치 ","Jugar con el celular","Que termine la pandemia, y que mi familia y seres queridos nunca enfermen"
"9/7/2020 18:55:49","Si","Ni침a","12a 11m","P칰blico","","Cartago","4","No","Contagiarse","Estresada, aburrida, de mal humor.","Cuando puedo salir de paseo a lag칰n lugar.","En ning칰n momento","Ir a la playa nada mas","Nada solo tareas","Poder ir al cole"
"9/8/2020 21:05:56","Si","Ni침o","11 a침os, 9 meses","P칰blico","Quinto","Cartago","3","S칤","Que alg칰n miembro de mi familia se contagie, especialmente mis abuelitos.","Preocupaci칩n, triste","Casi todos los d칤as, cuando siembro","Cuando escucho que mueren personas.","Jugar bola en mi patio, sembrar hortalizas, ba침ar mi perro. ","Entrenar, dibujar, pintar","Que todo esto acabe para poder volver a la escuela a jugar con mis amigos. Y que nadie m치s se contagie. "
"9/14/2020 21:27:47","Si","Ni침o","11 a침os ","P칰blico","Quinto","San Jos칠","4","S칤","Que por falta del trabajo llegue 칠l hambre ","Alegr칤a, miedo, preocupaci칩n ","Cuando juego ","Cuando extra침o mi escuela ","Jugar, comer y dormir ","Estudiar y ayudar en los deberes de la casa ","Que termine esta pandemia "
"9/15/2020 10:09:09","Si","Ni침a","12 a침os 8 meses ","Privado","Sexto","Guanacaste","4","S칤","No reunirme con mis compa침eros cuanto salgo de mi casa","Aburrimiento, tristeza y ansiedad ","Cuando salgo de mi casa","Cuando me mandan tareas","Video llamadas, dibujar y ver peliculas","Pintar y jugar juegos con el celular ","Que la  cuarentena nunca hubiera existido"
"9/18/2020 18:44:31","Si","Ni침o","11 a침os ","P칰blico","Quinto","San Jos칠","4","S칤","Que por falta del trabajo llegue 칠l hambre ","Alegr칤a, miedo, preocupaci칩n ","Cuando juego ","Cuando extra침o mi escuela ","Jugar, comer y dormir ","Estudiar y ayudar en los deberes de la casa ","Que termine esta pandemia "
