"Marca temporal","Acepto que mi hijo/hija participe en esta consulta","Sexo","Edad ","Centro educativo","Nivel educativo","Provincia donde vives","1.	¬øCu√°ntas personas viven en tu casa incluy√©ndote a vos?","2.	¬øDispone tu casa de alg√∫n espacio donde puedas jugar?","3.	¬øCu√°les han sido tus mayores preocupaciones durante la pandemia del COVID-19?","4.	En el tiempo que has pasado en tu casa durante la pandemia del COVID-19, ¬øqu√© sentimientos o emociones has sentido?. Menciona tres de ellos ","5.	Durante la pandemia, ¬øen que momentos o situaciones te has sentido muy bien?","6.	Durante esta pandemia, ¬øen que momentos o situaciones te has sentido triste o desanimado?","7.	Menciona tres actividades que has realizado durante esta pandemia y que te hayan hecho sentirte feliz.","8.	¬øQu√© otro tipo de actividades, adem√°s de las mencionadas anteriormente, has realizado durante este tiempo en casa?","9.	Si pudieras pedir un deseo en este momento ¬øcu√°l ser√≠a?"
"8/24/2020 14:16:14","Si","Ni√±o","11","P√∫blico","Quinto","Alajuela","3","S√≠","Las tareas ","Felicidad,enojos y estr√©s ","Cuando son d√≠as libres ","Cuando estoy cansado","Andar en bicicleta ,jugar bola y tener tiempo libre ","Jugar play ,comer y estar sano ","Set-up gaming "
"8/24/2020 19:24:57","Si","Ni√±a","11","P√∫blico","Quinto","Heredia","4","S√≠","Que dure mucho tiempo m√°s ","triste, aburrida y algunas veces feliz ","Cuando vi a mis abuelitos despu√©s de mucho tiempo de no verlos","Cuando paso mucho tiempo sin ver o hablar con mi familia t√≠os, abuelos... ","Mi cumplia√±ero, el cumplea√±os de mi hermano y jugar con mi hermano ","Tareas, clases y juegos","Que termine la pandemia"
"8/24/2020 21:21:53","Si","Ni√±a","12","Privado","Sexto","Alajuela","4","S√≠","Clases virtuales ","Felicidad, diversi√≥n, enojo ","Cuando voy afuera ","Cuando mi mam√° me rega√±a por no hacer los trabajos que mandan en la escuela ","Tye-dye , video llamadas y pintar","Pintar mi cuarto ","Que mi mam√° no me moleste todo el tiempo "
"8/26/2020 17:52:36","Si","Ni√±a","12","P√∫blico","Sexto","Heredia","5","S√≠","Contagiarme ,no graduarme ","Asustada, temor ,triste","Poder salir , hablar con mis compa√±eras","No poder regresar a la escuela","Compartir con mis hermanos , ver pel√≠culas,salir a caminar con mis vecinas","Ver tv , leer ,jugar play","Volver a la escuela y visitar a mis abuelos"
"8/26/2020 18:25:19","Si","Ni√±a","10","Privado","Cuarto","San Jos√©","4","S√≠","Que muchas personas mueran y que pase m√°s de dos a√±os en cuarentena.","Felicidad, tristeza y aburrimiento.","Porque toda mi familia est√° sana y cuando volv√≠ a comer comida de un restaurante.","Ver las noticias y que me perd√≠ un viaje.","Cocinar con mi mam√°, poder estar en la casa para jugar con mi perrita y tener m√°s tiempo para pintar.","Ver pel√≠culas, series, jugar juegos de mesa, hablar con mis amigas y familia por videollamada y tambi√©n tener clases de lunes a viernes de 8 am a 1:30 pm","Que encuentren la cura para el Covid"
"8/26/2020 21:17:32","Si","Ni√±o","10","P√∫blico","Cuarto","Heredia","2","S√≠","Que a mi familia le de covid ","Felicidad
Tristeza 
Aburrimiento ","Cuando estoy viendo una pel√≠cula o serie con mi mam√° y cuando juego con mis amigos a trav√©s de mi consola","-Cuando quiero salir y no puedo
-Cuando se llevan a un gatito que cuid√≥ aveces 
-Cuando pienso en mi v√≠s -abuelita que muri√≥ 
-Cuando mis amigos me tratan mal
","1 Cocinar con mi mam√° 
2 Cuando veo a mi pap√° 
3 Hablar por videollamada o jugar con mis amigos ","- Ordenar
- Pintar y dibujar
- Estar en un campamento virtual de la iglesia 
- Practicar mec√°nica
- Estudiar","Que mi vis-abuela no hubiera muerto para que me d√© de sus consejos sabios y poder seguir viendo partidos con ella "
"8/26/2020 21:33:20","Si","Ni√±o","10","P√∫blico","Cuarto","San Jos√©","3","S√≠","","No tengo","Cuando juego","No me siento as√≠","Jugar, estar con mi mam√° y ver tele","Taewkondo, baile","Un play"
"8/27/2020 9:42:53","Si","Ni√±a","12","P√∫blico","Sexto","Guanacaste","5","S√≠","La salud ","Miedo al pensar qtengo que volver a la escuela y me enferme. A veces me cansan las guias ","Fines de semana ","Para vacaciones ","Ver tele, hablar y jugar con mis amigas virtual ","Juegos de mesa ","Qu√© no este la pandemia y qu√© a nadie de mi familia le de"
"8/27/2020 10:49:46","Si","Ni√±o","9","P√∫blico","Cuarto","Guanacaste","5","No","No tener que comer","Tristeza  miedo   ","Cuando estoy en mi casa con mi familia","Casi todos los d√≠as ju","Jugar bolincha","Estudiar  y jugar","Que se quite el covi "
"8/27/2020 10:51:37","Si","Ni√±a","12","P√∫blico","Sexto","Guanacaste","M√°s de 5","S√≠","No salir a jugar ","Estr√©s,algunas alegr√≠as  ","No se ","Saber que no puedo salir   ","jugar juegos de mesa ,dormir , jugar con mi perro ","Hacer tareas,sembrar ","Poder volver a la escuela y jugar otra vez   "
"8/27/2020 10:53:31","Si","Ni√±o","10","P√∫blico","Cuarto","Guanacaste","4","No","No poder regresar a recibir clases y compartir con mis compa√±eros ","Aburrimiento 
Tristeza 
Estr√©s ","Cuando comparto por videollamadas con mis primos ","Cuando no puedo salir","Jugar con mis primos
Tener una mascota nueva
Y ver pel√≠culas infantiles ","Ir a la finca","Que se termine el coronavirus  "
"8/27/2020 10:56:26","Si","Ni√±o","11","P√∫blico","Quinto","Guanacaste","M√°s de 5","S√≠","Las clases,tareas virtuales y mi familia","Tristeza,estr√©s y miedo ","Cuando estoy con mi familia","Cuando no puedo ver a mu mam√° y pap√° ","Ver pel√≠culas,jugar con mi prima y hermana y comer en familia ","Jugar en familia y sembrar matas en el jard√≠n ","Que mi mam√° est√© con migo todos los d√≠as"
"8/27/2020 10:58:39","Si","Ni√±o","12","P√∫blico","Quinto","Guanacaste","M√°s de 5","S√≠","Que mi familia se contagie","Preocupaci√≥n estr√©s por estar en serrado","Para el d√≠a de la madre que pase tiempo con mi mama","Desde que en peso porque no dejan de salir casos ","No hago ninguna actividad por qu√© no salgo de mi casa","Ninguna","Que se vaya la pandemia"
"8/27/2020 11:05:01","Si","Ni√±a","12","P√∫blico","Sexto","Guanacaste","5","S√≠","Que les pase algo malo a cualquiera de mi familia.","Por que paso m√°s tiempo con mi familia.
Miedo que alguien de mi familia se contagie
Tristeza, porque es mi ultimo a√±o escolar en primaria. Y no pude compartir mas ratos agradables con mis compa√±eros y docentes.
","Cuando menos casos de contagiados, muertes, hospitalizados y en cuidados intensivos se resgistran.","Cuando se presentan casos en mi comunidad. 
Y al registrar muchos casos de muertos.","Cocinar .
Estar el mayor tiempo con mi burbuja .
Realizar alguna actividad fisica","Ejercicios.
Cantar . 
Bailar.","Que se  termine la pandemia"
"8/27/2020 11:06:30","","Ni√±a","10","P√∫blico","Cuarto","San Jos√©","4","S√≠","No poder ver a mis amigos. Tambi√©n que nos contagiemos.","Felicidad, preocupaci√≥n, aburrimiento.","Cuando comparto con mi familia.","Cuando veo las noticias ","Ver pel√≠culas, ver a mis maestros por zoom, jugar con mi hermanita ","Tareas y quehaceres.","Que la pandemia termine "
"8/27/2020 11:06:43","Si","Ni√±a","10","P√∫blico","Cuarto","Lim√≥n","3","S√≠","Enfermarnos ","Frustraci√≥n, enojo y pereza","Cuando salgo a caminar con mi mam√° ","No regresar a la escuela y a jugar al parque.","Caminar, andar en bici y los trabajos de la escuela ","Ver series de maquillaje y pintar","Que todo vuelva a ser como antes de la pandemia. "
"8/27/2020 11:09:55","Si","Ni√±a","11","P√∫blico","Quinto","Lim√≥n","4","S√≠","Que alguno de mi familia se enferme de covid","Tristeza .. ansiedad .. preocupacion","Cuando estoy con mi familia  ","Al darme cuenta que mi compa√±erito sali√≥ con covid y estuvo en cuidados intensivos  y no poder volver a la escuela Ni a clases de danza ","Ir al r√≠o de la  finca  .. andar en bici en mi casa ..","Ejercicios  con mi prof de f√≠sica ","Que la pandemia  se terminar√° para volver a compartir con mis compa√±eros ...con mis abuelitos y volver a clases de danza a√©rea "
"8/27/2020 11:10:07","Si","Ni√±o","11","P√∫blico","Quinto","San Jos√©","4","S√≠","Que por falta del trabajo llegue √©l hambre ","Alegr√≠a, miedo, preocupaci√≥n ","Cuando juego ","Cuando extra√±o mi escuela ","Jugar, comer y dormir ","Estudiar y ayudar en los deberes de la casa ","Que termine esta pandemia "
"8/27/2020 11:12:09","Si","Ni√±a","10","P√∫blico","Cuarto","Lim√≥n","M√°s de 5","S√≠","Que mi familia se enferme del COVID","Triste, angustiada y un poco aburrida ","El tiempo qu√© pas√≥ con mi familia ","Cuando veo las noticias ","Voy a nadar, ando en bici y tenemos muchos √°rboles frutales ","Juegos de mesa","Que desaparezca la pandemia "
"8/27/2020 11:16:40","Si","Ni√±o","12","P√∫blico","Sexto","Lim√≥n","4","S√≠","Estar encerrado","Frustraci√≥n, aburrimiento y pesar","Cuando salgo con mi pap√°  andar en bicicleta ","Cuando no salgo a ning√∫n lado y tengo muchas tareas","Bicicleta, escribir  canciones con mi pap√°, jugar con el celular","Ir a la playa. Jugar con mi hermano. Escuchar m√∫sica ","Poder sacarle la m√∫sica  a las canciones que he escrito."
"8/27/2020 11:20:15","Si","Ni√±o","9","P√∫blico","Cuarto","Lim√≥n","4","S√≠","La salud ","Preocupaci√≥n 
Estres
Dudas","Cuando podemos ver a la familia y saber que est√°n bien. ","Cuando no podemos estar con familia y amigos. ","Estar m√°s tiempo en casa.
Pasar mas tiempo en familia. ","Cuidar mejor y con m√°s tiempo las mascotas. ","Que termine la pandemia"
"8/27/2020 11:21:47","Si","Ni√±o","11","P√∫blico","Quinto","Lim√≥n","3","S√≠","Que no puedo ir ala Escuela. Y no se puede trabajar. Y contagiarme de covid 19.","Aburrimiento. Estr√©s. Preocupaci√≥n.","Cuanto es estoy m√°s tiempo en familia.","Cuando salimos de la escuela.","Jugar f√∫tbol. Estar en clases virtuales. Andar en bici en el patio.","Tareas.","Que termine la pandemia."
"8/27/2020 11:21:51","Si","Ni√±o","11","P√∫blico","Cuarto","Lim√≥n","4","No","Enfermarme de covi19 ","Aburrido, estresado y cansado de estar en la casa ","Cuando compartimos en familia","Triste de no poder ir a la escuela ","Jugar legos,salir a ser las compras con mi mam√° y ver a mis compa√±eros por teams","Jugar monopolio con mis hermanos","Que se acabe la pandemia y volver a la escuela "
"8/27/2020 11:23:32","Si","Ni√±a","12","P√∫blico","Sexto","Lim√≥n","4","S√≠","Contagiarse 
","Ansiedad
Felicidad 
Preocupaci√≥n ","Siempre que estamos en familia","Cuando hablo con mis compa√±eros y saber que no podemos jugar","Ir al r√≠o 
Jugar en familia
Sentarnos a platicar","Tareas","Que se acabe este virus"
"8/27/2020 11:26:22","Si","Ni√±a","12","P√∫blico","Sexto","Lim√≥n","4","S√≠","Contagiarse","Estres preocupacion tristesa","Cuando me quedo en casa","Por las tarde","No compartir cumplea√±o un te de canastilla o on aniversario","Ninguno","Que termine la pandemia y ser como antes"
"8/27/2020 11:28:56","Si","Ni√±o","12","P√∫blico","Sexto","Lim√≥n","5","S√≠","Contagiarme","Alegre feliz cansado","Siempre ","En ning√∫n momento ","Andar en bici Correr Jugar bola","Hacer las gu√≠as y ver tele","Una casa mejor "
"8/27/2020 11:32:54","Si","Ni√±o","11","P√∫blico","Sexto","Lim√≥n","5","S√≠","Que mi familia y yo nos contagiemos
","Cansancio preocupaci√≥n y anciedad","Cuando juego en el patio o ponemos una piscina que tenemos","Cuando estudio mucho ","Jugar llamar a mi familia que est√° a distancia y cuando veo pel√≠culas","Solo esas","Que todo vuelva a hacer como antes"
"8/27/2020 11:35:34","Si","Ni√±a","12","P√∫blico","Sexto","Lim√≥n","5","S√≠","Enfermarnos","Aveces me preocupo , estr√©s,  nervios ","Cuando hablo con mi familia de cuidarnos y me siento mejor por mi mam√° dice q vamos a estar bien ","Aveces al no poder salir o volver a la escuela ","Ver pel√≠culas estar con mi familia y cuando hablo con mis hermanas ","Gu√≠as de trabajo v√≠deo llamadas con mis compa√±eras ","Que se acabe la pandemia y q los enfermos mejoren "
"8/27/2020 11:37:13","Si","Ni√±a","10","P√∫blico","Cuarto","Guanacaste","5","S√≠","Que a mi familia le de esa enfermedad ","Aburrimiento,  ganas de no hacer nada, saturada de tantas tareas","Cuando puedo salir aunque sea a un mandado con mis pap√°s ","Cuando tengo ganas de ir donde mis amistades y no puedo","1 Mejoramos un poco la casa
2 Ahora compartimos m√°s tiene en familia 
3 Ya pode hacer mi primera comuni√≥n ","Muchas tareas de la escuela 
Ayudar en la casa con el queaser
Tener mis clases virtuales ","Que todos mis tareas est√©n hechas"
"8/27/2020 11:41:20","Si","Ni√±a","10","P√∫blico","Cuarto","Alajuela","3","S√≠","Contagiarme y tambi√©n mi familia ","Tristeza, extra√±o a mis compa√±eras de escuela, me da mucha ansiedad ","Cuando comparto con mi familia ","Cuando no tengo con quien jugar o compartir ","Jugar con mi hermana, hablar con mi familia que no veo ","Ver tele, jugar y hacer tareas ","Que esto termine ya y todos estemos bien, para poder estar con la familia "
"8/27/2020 11:44:01","Si","Ni√±o","11","P√∫blico","Sexto","Guanacaste","5","S√≠","Que mi familia se enferme del virus ","Preocupado
Aburrido
Estresado ","Cuando comparto m√°s con mi familia ","Cuando me toca hacer muchas tareas","Ayudaddo a mi familia en las mejoras de la casa
Cu√°ndo he salido solo con mi pap√° a pescar
Cu√°ndo logr√≥ terminar todas las tareas","Ayudar a mis pap√°s m√°s con las cosas de la casa
Trabajar en la huerta familiar ","Que esto nunca hubiese pasado"
"8/27/2020 11:49:49","Si","Ni√±o","12","P√∫blico","Sexto","Lim√≥n","5","S√≠","Las tareas y trabajos escolares","Estr√©s y aburrimiento","Cuando comparto con mi familia","Cuando no puedo visitar la familia","Salir a jugar al patio, usar m√°s el celular y tener un poco m√°s tiempo libre","Ninguna","Que se acabe la pandemia"
"8/27/2020 11:51:33","Si","Ni√±o","10","P√∫blico","Cuarto","Lim√≥n","4","S√≠","Las muertes","Enojo / tristeza / felicidad ","Cuando compartimos en familia","Cada d√≠a que veo el aumento de los casos","Ir al r√≠o / ir a la plaza / ir al rancho y hacer una fogata","Entrenamientos virtuales / cursos te√≥ricos de f√∫tbol / juegos de mesa","Que abran el f√∫tbol infantil"
"8/27/2020 11:53:48","Si","Ni√±o","11","P√∫blico","Cuarto","Lim√≥n","5","S√≠","Enfermarme mi familia y yo","Trizteza.miedo.extra√±ar a mis familiares ","En las llamadas de teams","Cuando sabemos no podemos salir.","Compartir con mi familia. Cantamos cumple a mi hermana.mi mama nos puso una piscina ","Jugar con mis hermanas","Que termine la pandemia "
"8/27/2020 11:56:29","Si","Ni√±a","10","P√∫blico","Quinto","Lim√≥n","5","S√≠","Que se enferme alg√∫n miembro de mi familia incluy√©ndome ","Aburrimiento, preocupaci√≥n tambi√©n alegr√≠a ","Compartir en familia ","El no poder ir donde mi familia ","Jugar , hacer manualidades, hacer galletas , ","Llenar la piscina en el patio d emi casa ","Que se quite el virus para volver a tener una vida normal "
"8/27/2020 12:05:05","Si","Ni√±a","11","P√∫blico","Sexto","Guanacaste","M√°s de 5","S√≠","Que pueda llegar a nosotros","Miedo
Preucapacion
Y fe en Dios de que nada nos va a pasar
","Cuando vea que todos nos cuidamos y somos responsables ","Cuando hay personas que pierden la vida ante el virus ","Jugar con mi familia
Cuidarnos 
Y cultivar plantas","Manualidades
Tareas 
Tecnolog√≠a ","Que se acabe el covid y que estemos todos con salud "
"8/27/2020 12:17:19","Si","Ni√±o","11","P√∫blico","Quinto","Guanacaste","4","S√≠","Que mi familia se enferme.","Miedo.
Sorprendido.
Triste.","Jugando bola.
Jugando en la computadora.","Por no poder ir a la escuela.
No poder darle a manos a mi compa√±eros.","Jugar bola.
Jugar con mi familia.","Sembrar arboles.
Hacer tareas.","Que se quite la enfermedad del Covid-19."
"8/27/2020 12:22:49","Si","Ni√±a","11","P√∫blico","Quinto","Guanacaste","3","S√≠","Mi preocupaci√≥n que mi mam√° est√° si trabajo y aveces tenemos q hacer para comprar la comida","Aveces un poco triste porque no puedo ir al escuela y ver a mis compa√±eros y feliz porque he estado m√°s unidos como familia ","Estar con mi mam√° y hermana compartir con ellas  ","Un poco triste porque no. Puedes a salir a jugar con mis amigos","Pintar mis libros 
Ayudo en la casa
Estudiar en casa en realizar mis tareas ","Hacer una peque√±a huerta con mi mam√° y hermanita","Que todo esto termine y poder salir como antes"
"8/27/2020 12:50:37","Si","Ni√±o","10","P√∫blico","Cuarto","Lim√≥n","4","S√≠","Que alguno de la familia se contagie","Tristeza , aburrimiento ,cansado de estar s√≥lo en caso ","Cuando estamos en familia","Cuando no tengo con quien compartir o jugar","Ir al r√≠o , compartir los fines de semana con la familia y salir al patio a jugar","Jugar cartas ,ver pel√≠culas ","Que se acabe esta curentena"
"8/27/2020 12:51:02","Si","Ni√±a","11","P√∫blico","Sexto","Lim√≥n","2","S√≠","Que alguno de mis familiares se enfermen y pasar alguna necesidad","Estr√©s , aburrimiento, cansancio","Cuando puedo estar con mi familia ","Cuando las cosas se van terminando y no hay plata ","Ver a mi abuelita, poder ir al r√≠o con mi familia y tener alimentos","Ejerciosos","Que todo vuelva ser como antes "
"8/27/2020 13:18:13","Si","Ni√±o","10","P√∫blico","Cuarto","Lim√≥n","4","S√≠","En frenarme de COVID","1-alejarme de las personas ","Cuando est√°n mis papas ","No poder salir a pasear con mi familia "," No hago actividad ","Ninguna ","Que se Acabe la pandemia de COVID19"
"8/27/2020 13:51:13","Si","Ni√±a","11","P√∫blico","Quinto","Lim√≥n","3","No","Contagiarme, estabilidad economica","Triste,feliz,nerviosa","Cuando bajaron casos","cuando subieron casos","Ayudar a mi mama,sentirme satisfecha con el trabajo de la escuela,lavar mi ropa","Aprendi hacer arroz","Que se termine la pandemia üòï"
"8/27/2020 14:02:11","Si","Ni√±o","10","P√∫blico","Cuarto","Lim√≥n","M√°s de 5","No","Que se contagie mi familia ","Miedo , inseguridad y querer salir de casa ","En ninguna ","En pocas ocasiones ","He jugando y cuando me compran cosas ","Estudiar ","Tener un mill√≥n de deseos mas pero el principal ser millonario üòâüòâ"
"8/27/2020 14:38:10","Si","Ni√±o","11","P√∫blico","Sexto","Guanacaste","M√°s de 5","S√≠","Estudiar","Felicidad,Tristesa y Furia","Jugado","Cuando no tenia nada que hacer","Jugar- cuidando las pollas que compramos- viendo televisi√≥n","Hacer parrilladas con pap√°","Que se termine la pandemia"
"8/27/2020 14:48:58","Si","Ni√±a","11","P√∫blico","Sexto","Guanacaste","M√°s de 5","No","Que mi familia se contagie","Miedo Tristesa Aburrida ","En ningun momento ","En no ver a mis familiares ","Andar en bici hablar con amigos Actividades de casa ","Las tareas autonomas ","Tener un par de patines talla 37"
"8/27/2020 15:57:37","Si","Ni√±a","10","Privado","Quinto","San Jos√©","3","S√≠","El no poder salir, no poder estar con las personas que yo quiero, no ir a la escuela.","Tristeza, aburrimiento y Soledad.","Fines de semana porque puedo disfrutar con mi familia sin preocuparme por el estudio.","Cuando quiero irme donde mi pap√°  y cuando no estoy con mis amigos. ","Andar en bicicleta, ir donde mi abuela y hacer manualidades.","Jugar juegos de mesa, ver tele, cocinar y hacer ejercicios.","Que pase esta pandemia."
"8/27/2020 17:06:35","Si","Ni√±o","12","Privado","Sexto","Heredia","4","S√≠","Ninguna","felicidad y alegria y emoci√≥n ","Los fin de semanas por que no tengo clases","ninguna","Saltar la cuerda, jugar voleibol y f√∫tbol ","dibujar, jugar pin pon","que el tiempo se pare para disfrutar mi vida sin morir"
"8/27/2020 17:28:39","Si","Ni√±o","10","P√∫blico","Cuarto","San Jos√©","4","S√≠","Que se enferme mi familia","Feliz triste y asustado","Siempre que estoy en mi casa con mi familia"," Cuando e querido salir s pasear ","Jugar en familia, hablar con los familiares por videollamadas y jugar con mis mascotas","Jugar play y leer libros ","Que se acabe todo esto del coronavirus "
"8/27/2020 17:32:37","Si","Ni√±o","11","Privado","Cuarto","Heredia","3","S√≠","Que alg√∫n familiar se contagie ","Enojo, felicidad, miedo ","Cuando vamos a andar en bici con mi burbuja ","Cuando veo los casos en las noticias ","Andar en bicicleta, cocinar y jugar electr√≥nicos ","Estudiar, tiempo en familia y ver pel√≠culas en familia","Que no existiera el coronavirus "
"8/27/2020 17:49:09","Si","Ni√±a","11","P√∫blico","Sexto","Guanacaste","M√°s de 5","No","Que mi familia se contagie ","Tristeza Miedo Aburrida ","Cuando llamo a mi familia ","Cuando no puedo salir de mi casa ","Jugar Andar en bici hablar con amigos ","Ninguna otra ","Tener una picsina en casa "
"8/27/2020 17:50:22","Si","Ni√±a","12","P√∫blico","Sexto","Guanacaste","M√°s de 5","S√≠","No poder ir ala escuela ya que me cuesta mucho aprendizaje en casa","Tristeza bloqueo y falta de clases","Cuando dicen que van a dar a clases","Cuando estudio","Leer estudiar y estar en familia","Sembrar","Poder ir a clases"
"8/27/2020 17:56:46","Si","Ni√±a","10","Privado","Cuarto","San Jos√©","4","S√≠","Las tareas, no poder ver a mi familia y el estr√©s ","1. Tristeza 
2. Enojo 
3. Felicidad ","Cuando  hacemos recetas o cuando a mis pap√°s se les ocurre algo divertido ","Cuando nos dijeron que no pod√≠amos salir ","Cocinar 
Actuar 
Leer ","Meditar 
Pintar ","Que esta pandemia se acabe ya. "
"8/27/2020 19:34:40","Si","Ni√±o","11","P√∫blico","Quinto","Guanacaste","M√°s de 5","S√≠","Que a mi familia le de esta enfermedad tan fea. ","Tristesa
Alegria
Peresa","En mi cumplea√±os","Cuando no encuentro que hacer y todo lo que quiero hacer inclulle ir a la calle","Comer
Jugar 
Dormir","Estudiar
Pintar la casa 
Ayudar a limpiar la casa","Que se acabe esta pandemia"
"8/27/2020 20:07:13","Si","Ni√±a","9","P√∫blico","","Guanacaste","4","S√≠","No ir a la escuela y temor a enfermarme","1-miedo 2-angustia-3-insertidumbre","Cuando sumaban pocos casos","Cuando empezaron a salir muchos casas y personas fallecidas","1-bailar 2-cantar-3-hacer gimnasia","Maquillarme, patinar y salir a caminar","Que se acabe el coronavirus"
"8/27/2020 20:29:40","Si","Ni√±a","11","P√∫blico","Quinto","Lim√≥n","4","S√≠","La salud de mi familia. ","Tristeza, alegr√≠a e insertidubre. ","Casi siempre. ","Con algunas tareas. ","Jugar, estar con mi familia y conversar con mis amigos. ","Ayudar con la casa. ","Que todos volvi√©ramos a ser como antes del covid. "
"8/27/2020 21:02:08","Si","Ni√±a","10","P√∫blico","Quinto","San Jos√©","4","S√≠","Que la familia se enferme ","Miedo aburrimiento y enojo","Cuando hicimos un pastel ","Cuando peleo con mi familia","Hornear jugar estudiar","Leer video juegos ayudar en casa ","Que la pandemia termine"
"8/27/2020 21:19:17","Si","Ni√±a","12","P√∫blico","Sexto","Guanacaste","5","S√≠","Que me contagie ","Tristeza, me siento orgullosa de todos lo trabajadores que ayudan y se esfuerzan por nuestra salud ","Cuando anuncian muy pocos fallecidos ","Cuando se muere demaciadas personas ","Jugar en mi casa , hablar con los familiares que tengo lejos y hacer trabajos de la escuela ","Jugar con el celular y pasar tiempo con la familia ","Que se fuera la pandemia y no se muriera m√°s personas "
"8/27/2020 23:47:25","Si","Ni√±a","10","P√∫blico","Cuarto","Guanacaste","5","S√≠","La falta de alimentos en mi casa y no poder ir ala escuela","No poder salir a jugar como antes no ir ala escuela y no ver a mis compa√±eros","Compartiendo m√°s con mi familia","Cuando mi mam√° no tiene comida en nuestro hogar y se le dificulta encontrar trabajo x lo del virus","Las gu√≠as compartir en familia y trabajar juntos en la tareas","Jugar con mis hermanos y mi mascota","Q se acabe est√° pandemia y poder vivir normal como antes pero con Cristo en nuestro coraz√≥n "
"8/28/2020 8:04:06","Si","Ni√±o","10","P√∫blico","Cuarto","Lim√≥n","M√°s de 5","S√≠","Enfermarme","Pereza, tristeza y felicidad ","Cuando juego ","Cuando muri√≥ mi abuelo ","Jugar, ir al r√≠o, ver televisi√≥n ","A ser muchas tareas y a ser un  vivero.","Pedir mil deseos y que Dios nos cuide "
"8/28/2020 9:02:25","Si","Ni√±o","10","P√∫blico","Cuarto","Guanacaste","5","S√≠","No puedo salir con mi pap√°","Frustrado,triste y Feliz","Cuando comparto con mi familia","Cuando veo las estad√≠sticas del dia","Estar con mi familia,estar bien de salud y jugar ","Recoger los huevitos de mis gallinas todos los d√≠as. Darle croquetas a mis perritas. ","Que se acabe la pandemia para que venga mi hermana de San Jos√©."
"8/28/2020 9:20:35","Si","Ni√±o","9","P√∫blico","Cuarto","Guanacaste","4","S√≠","Enfermarme y mi familia","Tristeza ,preocupaci√≥n y enojo","Poco solo cuando puedo salir a jugar","Cuando estoy encerrado","Ver videos, el tiempo que estoy con mi familia y jugar un rato.","Un d√≠a fui 3 horas a la playa nada m√°s.","Que ya se termine la pandemia."
"8/28/2020 9:42:29","Si","Ni√±a","12","P√∫blico","Sexto","San Jos√©","5","S√≠","Miedo por el contagio, que no termine nunca","Felicidad, aburrimiento, enojada","En el cumplea√±os de mi mam√° y de mi prima","Cuando informaron que no se pod√≠a salir de la casa ni ir a la escuela","Salir a caminar con mascarilla y careta, jugar cartas y estudiar","Estudiar porque son muchas las tareas","Que ya termine la Pandemia"
"8/28/2020 9:43:39","Si","Ni√±a","10","P√∫blico","Cuarto","Guanacaste","3","S√≠","Que muera mi familia","Tristeza y miedo por la pandemia pero cuando estamos todos juntos ya me siento segura y feliz","C√∫a do estamos mis papas mis mascotas y yo juntos","Viendo noticias","Ir ala playa cuando la abrieron y soy ciclista y ya poder ir a entrenar con mis papas","Pintar y ver pel√≠culas poner la piscina ","Que termine la pandemia"
"8/28/2020 9:50:16","Si","Ni√±a","10","P√∫blico","Cuarto","Guanacaste","5","S√≠","No poder ir a la escuela ","Tristeza ","Estar con mi mam√° ","Cuando pele√≥ con mis hermanos ","Ir a andar en bicicleta comer y ver tele","Visitar una finca con mi familia ","Volver a la escuela "
"8/28/2020 9:54:16","Si","Ni√±o","12","P√∫blico","Cuarto","Guanacaste","4","S√≠","La economia ","Miedo a la enfermedad  preucupacion xla economia  y anciedad  x q ya quiero ir a la escuela  ya quiero salir ","Cuando  juego con mis compa√±eros videos.juego","El dia de mi cumplea√±os no me ivieron fiesta x esta pandemiaj","Jugar con mis compa√±eros x videos  cuando resivo mis lecciones de ingl√©s x video llamada  y cuando  mi maestra yama para preguntar como estoy  y x este medio saber q las personas q quiero estan bien ","Andar en bici en el patio de mi casa ysembrar sandia ayote y maiz en la finca de mis abuelis q esta serca de mi casa","Q esta pandemia termine ya y terner un mejor internec  ya q el q tenemos es satelital y es lento"
"8/28/2020 10:11:35","Si","Ni√±a","10","P√∫blico","Cuarto","Guanacaste","4","No","Mis estudios y la situaci√≥n econ√≥mica de mi familia ya que mi pap√° se qued√≥ sin empleo","Tristeza, miedo y a la vez felicidad por compartir m√°s tiempo con mi familia ","El tiempo que comparto con mi familia ","En fechas importantes como cumplea√±os d√≠a del padre o la madre que no pudimos celebrarlo como siempre","Video llamada con mi grupo scout pasar mas tiempo con mi hermanito y las clases virtuales de ingles ","Ayudo mas a mi mam√° en casa veo televisi√≥n y juego con mi hermanito","Que esta pandemia pase ya quiero volver a ver a mis familiares y amigos y  que mi pap√° pueda volver a trabajar pronto"
"8/28/2020 10:20:41","Si","Ni√±a","11","P√∫blico","Quinto","Alajuela","4","S√≠","Q papi no trabaje y qno podamos con los gastos y no podernos cuidar oq no superemos la enfermedad","Tristeza miedo aburrimiento","Que la gente no se siga muriendo  y qno haya tanta discriminasion con emigrantes","Cuando la gente se enferma y se muere  yno poder salir dond mi familia","Ir al rio y jugar con mis amigos compartir lo poco q tenemos ayudar a mamo","Ir a comer frutas compartir con mis padres estar juntos en casa pero sin peliar","Ir a la escuela y q todo esta pandemia pase"
"8/28/2020 10:24:11","Si","Ni√±o","11","P√∫blico","Quinto","Heredia","4","S√≠","Que enfermemos","Feliz
Temor 
Asombroso ","Al regresar mi mam√° de hospital muchos dias lejos.
Cuando volvio mi maestra
Sembrar mis plantas","Internaron mi mam√° muchos d√≠as y no la vi.
Se rompi√≥ mi tel√©fono ","Hacer ejercicio 
Sembrar mi huerta
Cocinar
Clases virtuales","Estar en scouts","Que se acabe el Covid, racismo y c√°ncer."
"8/28/2020 10:27:41","Si","Ni√±a","11","P√∫blico","Quinto","Heredia","4","S√≠","El numero de casos y muertes.","Que me he sentido estresada,triste ,preocupada,etc.","Cuqndo compartimos en familia.","Desde que empezo porque no he podido ir a la escuela.","Cuando estoy con mi familia, cuando hujamos bolos y cuando jugamos colocho.","Jugar uno, pintar, dibujar,etc","Que sw acabe la pandemia y deje de morir tamta jente."
"8/28/2020 10:29:28","Si","Ni√±o","11","P√∫blico","Quinto","Alajuela","5","S√≠","Enfermarse y no salir a ning√∫n lugar y compartir con los compa√±eros","Felicidad, Tristeza, Frustacci√≥n","Porque estoy con mi familia, cuando t√©rmino las gu√≠as","Cuando no puedo salir, cuando hice las gu√≠as","Mi cumplea√±os, Jugar en la casa play station, jugar f√∫tbol","Dormir, comer","Que se vaya la pandemia"
"8/28/2020 10:31:21","Si","Ni√±o","11","P√∫blico","Quinto","Heredia","4","S√≠","Contagiarme","Felicidad ,abuerimiento y desesperacion ","Siempre","Nunca","Jugos de mesa
Juegos celular
Estudiar ","Andar en bici
Jugar con mi hermana","Se acabe la pandemia "
"8/28/2020 10:33:25","Si","Ni√±o","11","P√∫blico","Quinto","San Jos√©","5","S√≠","Que alg√∫n familiar se contagie ","Tristeza, alegr√≠a, frustraci√≥n","Cuando estoy con toda la familia ","Cuando alg√∫n familiar fuera del n√∫cleo a presentado s√≠ntomas ","Hacer origami, jugar con mi primo, jugar con mi perrita","Dibujos, juegos con el celular, juegos con mis perros grandes en el patio","Que se terminar√° el covid "
"8/28/2020 10:43:25","Si","Ni√±o","10","P√∫blico","Cuarto","Guanacaste","5","S√≠","Contagiarse del covi-19","Emoci√≥n de ver nacer mi caballito - alegr√≠a de verlo crecer -he compartido con mi familia mucho","Cuando pari√≥ la yegua ","Creo q gracias a Dios la he pasado muy bien  ","Juego con mis hermanos ,cuido de mis animales, hago tareas ","Sembrar matitas  Como tomate y pipian Chile  cilantro.","Que mi. Familia este siempre bien "
"8/28/2020 10:52:32","Si","Ni√±a","11","P√∫blico","Quinto","Alajuela","5","S√≠","que mis padres se enfermen","estres me enojo y aburrimiento","estar con mi familia","no poder ir donde mi pap√°","sembrar ortalisa en casa y cuidar ami perro y compartir mas tiempo con mi hermana","aser postres faciles ","que todo buelva ala normalidad"
"8/28/2020 11:04:39","Si","Ni√±o","10","P√∫blico","Cuarto","Guanacaste","3","S√≠","Trabajo no hay","Tristeza, miedo isertidunbre ","Nose","Nose","Compartir en casa","Ejercicio ","Que todo fuese normal"
"8/28/2020 11:17:47","Si","Ni√±a","10","P√∫blico","Cuarto","Guanacaste","5","S√≠","Contagiarme","Triste
YA QUIERO VOLVER A LA ESCUELA.
QUIERO VER A MIS AMIGOS.
","En ninguno","Cuando hay muchos casos nuevos","Ir a andar en bicicleta
Jugar en la cera
ESTAR CON LA FAMILIA","Hacer los trabajos de la escuela","QUE SE ACABE LA PANDEMIA"
"8/28/2020 11:56:09","Si","Ni√±a","10","P√∫blico","Cuarto","Guanacaste","3","S√≠","La econom√≠a ","Uni√≥n, amor y trabajo ","Mi cumplea√±os, estar en familia ","Cuando vemos que no podemos salir como antes, y hacer las cosas que hac√≠amos ","Jugar primos, cumplea√±os, viaje corto a la playa ","Tareas, pel√≠culas, jugar ","Que pasara esto ya "
"8/28/2020 12:01:11","Si","Ni√±o","11","P√∫blico","Sexto","Lim√≥n","4","No","El contagiarnos","Ansiedad, estr√©s, angustia","Cuando veo a mi familia bien"," Cuando veo noticias","Jugar, hablar con mi familia","Ver televisi√≥n"," Poder salir a pasear"
"8/28/2020 12:02:54","Si","Ni√±o","6","P√∫blico","","Lim√≥n","M√°s de 5","S√≠","La econom√≠a a bajado mucho y el miedo del contagio","Miedo, preocupacion, tristeza üôÅ ","Al saver que estamos bien mis hijos y yo ","En el momento que los ni√±os me disen que se sienten muy aburrido üôÑ y no se puede salir. ","Ver alguna pel√≠cula, ayudarle en sus tareas estar m√°s unidos","Actividades de limpieza en casa lo asemos juntos","Que pase todo esto y que regresen ala escuela. "
"8/28/2020 12:05:53","Si","Ni√±a","10","P√∫blico","Cuarto","Guanacaste","3","S√≠","Miedo a contagiarnos","Preocupasion, solidaridad,Amor al pr√≥jimo","Cuando estamos juntos en familia","Cuando veo las noticias","Jugar barbis,jugar con mi mascota ,correr en el patio","Estudiar, bailar en mi casa ","Que Dios derrame sanidad en nuestro planeta y este virus se termineüôè"
"8/28/2020 12:11:38","Si","Ni√±a","10","P√∫blico","Cuarto","Guanacaste","5","S√≠","Contagiarnos","Preocupaci√≥n, tristeza, angustia","Estar en mi casa con mi familia ","Cuando supe q un primo se contagio de Covid 19","Salir a caminar
Pasar dibujando
Las clases virtuales me hac√≠an falta ver a mi compa√±eros ","Jugar con mis mascotas ","Que se termine la pandemia, que ya no hayan personas contagiadas para poder tener una vida normal y poder reunirnos en la escuela con mis compa√±eros, maestros y hacer las reuniones familiares como antes "
"8/28/2020 12:13:16","Si","Ni√±a","10","P√∫blico","Cuarto","Lim√≥n","4","S√≠","El encierro y la salud ","El miedo ","En casa ","Cuando salen muchos casos","Ejercicio leer caminar ","Cocinar y estudiar ","Que termine este virus "
"8/28/2020 12:18:33","Si","Ni√±a","10","P√∫blico","Cuarto","Guanacaste","3","S√≠","enfermar","temor","estando en casa","Cuando uno no puede salir a lugares q lo hacia antes","Jugar ,dormir ,pintar ","Estar en mi picina ","Q todo esto pase ya"
"8/28/2020 12:20:20","Si","Ni√±o","13","P√∫blico","Sexto","Lim√≥n","3","S√≠","Que mi familia se contagie","Miedo y incertidumbre ","Jugando y haciendo tareas","Viendo las noticias ","Pescar, jugar, andar en bicicleta ","Ayudar en los quehaceres ","Que el covid desaparezca"
"8/28/2020 12:20:21","Si","Ni√±o","10","P√∫blico","Cuarto","Lim√≥n","3","S√≠","Que se enferme alg√∫n miembro de mi familia","Aburrimiento, tristeza","El d√≠a de mi cumplea√±os","En los d√≠as de vacaciones","Jugar, cuando termino mis tareas","S√≥lo las que mencione anteriormente","Que termine la pandemia"
"8/28/2020 12:47:03","Si","Ni√±o","11","P√∫blico","Quinto","Heredia","3","S√≠","Salir positivo de covid y ","Enojo, tristeza y felicidad ","Mi cumplea√±os","El saber que no se puede ir ala escuela ","Mi cumplea√±os 3 de julio ","Jugar ","Que el covid se valla para siempre y poder ir a entrenar "
"8/28/2020 12:55:38","Si","Ni√±a","12","P√∫blico","Sexto","Lim√≥n","M√°s de 5","S√≠","Los casos que salen por mi casa ","Preocupaci√≥n 
Amor 
Tristeza ","En el que mi Familia se cuida por el covid-19","En el que salgan casos cerca de mi casa ","Jugar
Estar con mis hermanos(a)
A ser Cosas para mi casa e familia ","Casi todas ","Volver a las escuela que nadie de mi familia se muera...."
"8/28/2020 13:47:56","Si","Ni√±a","10","P√∫blico","Cuarto","Lim√≥n","4","S√≠","Que mi bisabuela se contagie ","Miedo, preocupaciones, tristeza ","En mi cumplea√±os ","Cuando un amigo se enfermo de covid","Cocinar con mi familia, jugar y hacer tarea","Cuidar a las mascotas, estar en clases virtuales ","Q termine la pandemia"
"8/28/2020 13:51:26","Si","Ni√±o","11","P√∫blico","Cuarto","San Jos√©","3","S√≠","Contagiarme"," Ansiedad y tritesa y preocupaci√≥n","cuando comenz√≥ la pandemia","En estos 14 d√≠as de encierro","Educaci√≥n f√≠sica y origami y jugar bola","Jugar free fire y hablar con mis primos","Salir a jugar"
"8/28/2020 14:13:16","Si","Ni√±a","11","P√∫blico","Quinto","Guanacaste","4","S√≠","No poder salir","Estres, enojo y aburrimiento ","No se","El no poder ver a mis amigos","Aprender Coreano, aser videos en like y jugar en la compu","Los trabajos escolares","Que el Covid-19 se termine"
"8/28/2020 14:13:24","Si","Ni√±a","11","P√∫blico","Quinto","Guanacaste","4","S√≠","No poder salir","Estres, enojo y aburrimiento ","No se","El no poder ver a mis amigos","Aprender Coreano, aser videos en like y jugar en la compu","Los trabajos escolares","Que el Covid-19 se termine"
"8/28/2020 14:50:05","Si","Ni√±a","11","P√∫blico","Quinto","Puntarenas","5","S√≠","Que se infecte alguien de mi familia o yo.","Anciedad, tristeza, pereza.","Cuando puedo salir al patio a jugar.","Cuando me toca hacer gu√≠as y no puedo.","Ver programas de cocina, jugar en el celular y que mi mam√° consiguiera trabajo en medio del despleo que se vive en el pa√≠s.","Nadar en bicicleta.","Que la pandemia acabe."
"8/28/2020 14:57:35","Si","Ni√±a","10","P√∫blico","Cuarto","San Jos√©","4","S√≠","Que mi familia se infecte ","Preocupaci√≥n y alegr√≠a ","Cuando juego con mi perro ","Cuando hay muchos casos ","Ir donee mi abuela,jugar con mi perro,jugar con mi prima ","Hacer dibujos,cocinar postres con mi mam√° y jugar con y consola ","Que est√° pandemia acabe!"
"8/28/2020 15:05:52","Si","Ni√±o","9","P√∫blico","Cuarto","Guanacaste","M√°s de 5","S√≠","Salir de casa por temor a contagiarme y contagiar a mi familia.","Me ciento encerrado
Aburrido
Desesperado.","Cuando juego.
Cuando mi mam√° y mi hermana me vienen a ver.","Cuando se va mi primito.","Cuando juego play.
Cuando veo tele.
Cuando mi pap√° esta libre y me.lleva un rato a la playa.","Estudiar
Ver tele.","Que se vaya la pandemia."
"8/28/2020 15:26:46","Si","Ni√±a","10","P√∫blico","Quinto","Lim√≥n","4","No","No poder relacionarme con mi familia y no poder compartir con mis compa√±eros y profesores ","Aburrimiento, estr√©s, preocupaci√≥n de no poder entender muchas veces los trabajos q me env√≠an de la escuela ","Cuando comparto con las personas que quiero por video llamada ","Cuando pienso que no vamos a poder regresar a clases en este a√±o ","Andar en bicicleta, leer mi libro, jugar con mi mascota ","Ver televisi√≥n, hacer manualidades, poner m√∫sica para bailar ","Volver a clases, y que esta pandemia termine "
"8/28/2020 17:34:42","Si","Ni√±o","10","P√∫blico","Quinto","Lim√≥n","4","S√≠","Las guias ","alegr√≠as tristeza emociones","cuando juego ","cuando tengo que hacer las gu√≠as al no saber  como realizarlas "," La ayuda de mi mam√° jugar solo y aveces con mis hermanos ","ver tv ","Sentirme querio siempre,"
"8/28/2020 17:39:02","Si","Ni√±a","5","P√∫blico","","Lim√≥n","5","S√≠","Tuve la experiencia que me dio el covid y nadie nos llam√≥ como est√°bamos tuvimos hasta de cl√≠nica de nadie me sent√≠ discriminada ","Triste ","Ninguno ","Desde que comenz√≥ el covid ","","Nada","Tener trabajo "
"8/28/2020 19:08:01","Si","Ni√±o","10","P√∫blico","Cuarto","Guanacaste","3","S√≠","Contagiarnos del covid ,no ir a la escuela adem√°s que muchos est√°n sin trabajo ","Preocupaci√≥n  , felicidades","Todos los d√≠as porque mi familia est√° sana y unida ","Muchos porque no veo a mi amigos y mi papas est√°n sin trabajo ","Jugar bola en el barrio estar con mi familia visitar a mi hermana ","Estudiar ","Que se acabe la pandemia "
"8/28/2020 19:35:06","Si","Ni√±o","10","P√∫blico","Cuarto","Guanacaste","3","S√≠","Infectar me yo o mi familia ","Aburrido tristeza otras feliz x compartir m√°s con mi mamita ","Cuando compartimos tiempo comiendo un helado o o pasamos juntos
","Cuando muri√≥ mi abuelita y no pude compartir m√°s con ella","Jugar compartir en familia ","","Q todo esto terminar√° ya "
"8/29/2020 8:32:02","Si","Ni√±o","13","P√∫blico","Sexto","Lim√≥n","M√°s de 5","S√≠","No puedo jugar en el deporte ir a la escuela y graduarme","Conpartir mas con mi mama y mis hermanos y los quiaseres del hogar ","Los fines de semana donde compra pizzA","Cuando tengo las guias de las escuelas","Que mi mama me explica muy bien las matematicas y jugar domino con mis hermanos en la noche y ver peliculas ","Ninguna","Una conputadora"
"8/29/2020 8:45:54","Si","Ni√±a","11","P√∫blico","Sexto","Lim√≥n","M√°s de 5","No","La comida y la escuela ","Miedo, insertidumbre y ansiedad ","Cuando estoy con mi familia ","Cuando veo noticias malas del covid19","Jugar con mis hermanas y hacer pijamada con mis pap√°s ","Estudiar mucho y ayudar a mam√° ","Que se termine la pandemia para poder ir el otro a√±o al colegio "
"8/29/2020 14:20:14","Si","Ni√±a","12","P√∫blico","Sexto","Lim√≥n","4","S√≠","No poder llegar a graduarme","Susto, preocupaci√≥n,dudas"," Cuando dijeron que con los trabajos que env√≠an a casa se van hagarrar las notas de fin de a√±o","En muy pocos","Escuchar musica,convivir con mi familia,hacer ejercicio","Ver pel√≠culas ","Qu√© todo esto acabar√° pandemia"
"8/30/2020 10:34:05","Si","Ni√±o","","P√∫blico","Quinto","Alajuela","M√°s de 5","S√≠","Que nos contagiemos","Tiste","Nunca","Todo momento","","",""
"8/31/2020 9:23:10","Si","Ni√±o","12","P√∫blico","Sexto","Lim√≥n","M√°s de 5","S√≠","No poder ir a la escuela","Estr√©s pereza aburrimiento","Pocas veces ","Pocas veces ","Jugar bola en mi casa ","Hacer tareas ","Que terminara est√° pandemia "
"8/31/2020 10:09:59","Si","Ni√±o","5","P√∫blico","","Alajuela","5","S√≠","Contagiarnos  y no poder llevar ami hijo ala escuela ","Convivir mucho mas en familia ","En todo momento  ahora con la pandemia si nos preocupamos en contagiarnos pero si estamos muy bien ","Triste en solo no poder ir ala escuela  ir a los parques a jugar ","Jugar  compartir mucho con mi familia la  ah sido lo mas feliz estar serca de todos ellos","Ayudar ami mama a aser oficios aser mis tareas ","Que la pandemia  pandemia ya no exista en todo el mundo que ya no afecte nuestro pais y ningun otro del mundo ese seria mi deseo"
"8/31/2020 10:33:50","Si","Ni√±a","10","P√∫blico","Quinto","Alajuela","M√°s de 5","S√≠","No poder ir a la escuela ","Aburrimiento, tristesa","Cuando hago mis tareas y nos conectamos a clases","Cuando veo las noticias ","Salir con mis papas a caminar, selebrar los cumplea√±os ","Leer estudiar jugar tocar guitarra ","Que la pandemia no existiera"
"8/31/2020 12:32:14","Si","Ni√±o","10","P√∫blico","Cuarto","Guanacaste","4","S√≠","Contagiarme, no salir","Tristeza, felicidad, enojo","En ning√∫n momento","Cuando no puedo salir ","Jugar, ir un d√≠a a la playa y poder salir un ratito ","Hacer muchas tareas","Poder salir"
"8/31/2020 13:30:35","Si","Ni√±a","5","P√∫blico","","Alajuela","4","No","","Tristesa   desesperasion ","Me esentido bien por que estoy sana grasias adios","","","","Que esto acabe pronto"
"8/31/2020 15:23:09","Si","Ni√±a","12","P√∫blico","Sexto","San Jos√©","3","S√≠","La salud y mi familia, que les vaya a pasar algo por esta pandemia.","Preocupaci√≥n, tranquilidad, miedo","Cuando estoy con mi familia y aplicando el protocolo.","Cuando sabe de alguna persona que conoce que tiene el virus, me pone triste.","Estar con mi familia, estudiar, jugar con mis gatos.","Descansar","Que se acabara esta pandemia."
"9/1/2020 8:56:11","Si","Ni√±o","12","P√∫blico","Sexto","Alajuela","4","S√≠","El contagio ","Tristeza felicidad y aburrido ","Cuando usos juegos en Internet o hacemos parrillada","Porque no puedo salir como antes","Cuando realizamos actividades en casa divertidas juegos o cosas","Video juegos ejercicios  bicicleta ","Quisiera tener el poder de sanar a todo el mundo "
"9/1/2020 20:42:25","Si","Ni√±a","11","P√∫blico","Quinto","Alajuela","4","S√≠","Los casos nuevos, las muertes, contagiarme y contagiar a los dem√°s.","Paz, alegr√≠a, preocupaci√≥n.","Cuando juego, estoy con m√≠ familia, me siento feliz que nadie est√© mal.","Por los casos nuevos, las muertes, cuando hago las tareas.","Jugar, estar con la familia, cuando salgo de la casa.","Talleres de reciclaje, ver programas TV, manualidades.","Que ya no haya pandemia y que podamos salir."
"9/2/2020 3:32:29","Si","Ni√±o","10","P√∫blico","Quinto","San Jos√©","4","S√≠","No ver mis amigos","cansado, aburrido, preocupado","cuando juego con mis papas","empezar la escuela por internet","cocinar, chatear con amigos, ver peliculas","caminar por la monta√±a","regresar a la escuela otra vez"
"9/2/2020 14:36:27","Si","Ni√±o","10","P√∫blico","Cuarto","San Jos√©","4","S√≠","Que mi familia se contagie de covid","Cansado. Aburrido. Mucho trabajo","Cuando estamos todos juntos.","Cuando no puedo salir a jugar","Sembrando en la huerta que hicimos. Viendo alguna pel√≠cula. ","Caminar en la caminadora. Ayudar a mami en la casa.","Poder salir. Ver a mis amigos"
"9/2/2020 15:03:08","Si","Ni√±a","","P√∫blico","Quinto","San Jos√©","4","S√≠","Perder a mis padres","Extra√±o a mis compa√±eros pero en casa me siento segura ","Cuando mi ni√±a  nos da clases y cuando estoy con mi familia","Cuando escucho noticias que hablan mal de los maestros","Clases en l√≠nea y poder ir a una catarata con mi familia","Jugar ","Que se termine el virus"
"9/3/2020 9:07:21","Si","Ni√±o","10","P√∫blico","Cuarto","Lim√≥n","4","S√≠","En frenarme de COVID","1-alejarme de las personas ","Cuando est√°n mis papas ","No poder salir a pasear con mi familia "," No hago actividad ","Ninguna ","Que se Acabe la pandemia de COVID19"
"9/3/2020 9:08:12","Si","Ni√±a","11","Privado","Quinto","Heredia","4","S√≠","No podemos salir, no ver a mis abuelitos, no puedo ir a la escuela y jugar con mis amigas, no tuve mi fiesta de cumplea√±os ","pereza, tristeza, alegr√≠a porque estamos sanos","cuando estoy con mis pap√°s y cuando hablo con mis amigas","cuando no podemos salir a visitar a mis abuelitos o pasear ","jugar con mi pap√°, hablar con mis amigas, ver videos ","jugar, andar en bici, ver pel√≠culas, hacer pasteles con mi mam√° ","Que no exista la enfermedad "
"9/4/2020 6:53:55","Si","Ni√±a","12","P√∫blico","Sexto","Alajuela","5","S√≠","Que no me pueda graduar fisicamente
Que el pais no esta estable como antes
Enfermarme de covid
Que mi familia se enferme","Tristeza
Enojo 
Pereza","Cuando juego con mis barbies, y mi telefono
Cuando estoy con mi mam√° ","Cuando veo que los casos aumentan 
Que no puedo salir a jugar 
No puedo ir a visitar a mi abuela","Hacer cadenita en tela 
Peinar a mi mama
Ver tele","Video llamadas a mis amigas
Dormir mas
","Que exista una cura del covid para todo el mundo
Graduarme de la escuela f√≠sicamente 
Poder salir como antes libremente sin miedo... "
"9/4/2020 7:34:30","Si","Ni√±o","10","P√∫blico","Cuarto","San Jos√©","M√°s de 5","No","Que mi pap√° tiene pico trabajo, dicen k El presidente no lo deja salir a trabajar bien ","Triste y aburrido con pereza ","Mi cumplea√±os me dieron un queque muy lindo de roblox vino gente a verme ","Cuando hago las tareas ","Jugar con un juego nuevo que quer√≠a me dieron n mi cumple y salir un ratito a andar en bici pero poco porque mi mam√° dice q me rega√±a la policia","Jugar con mi hermano pero ya volvi√≥ a la guarder√≠a as√≠ q ahorita estoy solo. Aveces voy dnd un vecinito a jugar ","Quisiera que todo fuera como antes para que mis pap√°s no est√©n preocupados por pagar el banco y la comida "
"9/4/2020 7:37:07","Si","Ni√±o","11","P√∫blico","Quinto","Lim√≥n","M√°s de 5","S√≠","Infectarse yo o mis pap√°s ","Felicidad por estar en casa
Tristesa por la gente enferma
Sorpresa por tanto casos","En un principio cuando no mandaban muchas tareas","Despu√©s de que muchos casos todos los dias","Dormir
Jugar
Comer en familia","Hacer tareas
Ver televisi√≥n ","Salir de la casa y volver a la escuela"
"9/4/2020 7:42:37","Si","Ni√±a","12","Privado","Sexto","San Jos√©","3","S√≠","Enfermarme o que mi familia se Enferme.","Felicidad
Alegr√≠a
Un poco de de temor","Cuando estoy con mi familia y cuando juego. ","Cuando dijeron que se pod√≠a retornar a clases, por temor. ","Dibujar
Jugar con el Switch
Jugar con legos","Estudiando
Practicar piano
Estar en algunos cursos virtuales","Salud para siempre en toda mi familia"
"9/4/2020 7:45:08","Si","Ni√±o","10","P√∫blico","Cuarto","San Jos√©","5","S√≠","No salir 
","estoy triste, temor, ","me sentido bien ","por no pedo salir","jugar","ningana porque no puedo salir ","que realizar la cura"
"9/4/2020 7:46:38","Si","Ni√±a","11","Privado","Quinto","Alajuela","4","S√≠","Miedo a el contagio ","Ansiedad, Miedo y Extra√±o a mis amigos(a)","Cuando ya me acostumbr√© a estar en casa üè† y gracias a el apoyo de mis pap√°s ","Cuando no pod√≠a abrazar a mis abuelitos üë¥üèªüëµüèª","Jugar con mi hermana üëßüèª, hacer llamadas con mis amigas üë≠ y hacer actividades familiares üë®‚Äçüë©‚Äçüëß‚Äçüëß","Pintar con pinturas üñº jugar juegos de mesa ‚ôü y ver pel√≠culas üé• ","Poder salir y ver todos mis familiares y amigos que no pude ver en cuarentena üòõ"
"9/4/2020 7:52:14","Si","Ni√±a","10","Privado","Cuarto","San Jos√©","4","S√≠","Que me contagie, que mis pap√°s se mueran y toda mi familia se muera, que no tengamos comida y que nos falte el agua.","Enojo, miedo, frustraci√≥n.","Cuando juego con mi hiermana y cuando termino todas mis tareas de la escuela, porque son muchas.","Cuando a una de mis mejores amigas se le muri√≥ la abuelita.cuando mi pap√° tiene acido √∫rico, cuando mi mam√° esta triste y cuando mi hermana tiene asma y cuando me rega√±an.","Jardineria, arte con mi familia, cuando hago pan con mi hermana y mi mam√°.","Tareas, proyectos evaluativos, barrer, limpiar, comer en el jardin los domingos.","Que se acabe la pandemia, que no haya hambre en el mundoque los inocentes que hayan muerto por covit  regresen a la vida."
"9/4/2020 8:00:42","Si","Ni√±o","11","Privado","Quinto","San Jos√©","4","S√≠","No jugar con el Palystation y miedo al virus","Estr√©s
Cambios de humor ","Cuando hago alguna actividad familiar","Cuando pienso en el play station o en algunos lugares a los q deseo ir como los sky jump o sal√≥n de patines","Ir a la playa, ver pel√≠cula, comer cosas que me gustan","Ver pel√≠culas
Jugar un poco con mi hermanito 
Dormir mucho
Jugar juego electr√≥nicos en computadora y celular ","Tener mi PlayStation "
"9/4/2020 8:12:51","Si","Ni√±a","12","Privado","Sexto","Cartago","3","S√≠","Infectarse de covid","Ansiedad, depresi√≥n y estr√©s ","Cuando hablo con mis amigos por videollamada ","Cuando mi mejor amiga no quizo mi amistad y cuando tengo un ataque de p√°nico pero no le puedo decir a mi mama","Jugar con mis amigos un juego virtual, ver series con mi Mam√° y ver tele","Lavar platos, hacer ejercicio, comer","Que la Pandemia acabar√° para ver a mis amigos y graduarme de sexto"
"9/4/2020 9:03:33","Si","Ni√±a","11","Privado","Quinto","Heredia","4","S√≠","Que a alguien le de coronavirus y muera","Feliz porque hago muchas actividades ","Todo el riempo con mi familia","Nunca","Ejercisio,cocinar,spa","Estudiar para los examenes","Que se termine esta pandemia"
"9/4/2020 10:32:34","Si","Ni√±o","11","P√∫blico","Quinto","San Jos√©","4","No","contagiarnos de covid","miedo ,tristeza, ansiedad","cuando hay menos contagiados","cuando dicen en las noticias que se muere la gente","clases virtuales, hablar con compa√±eros y amigos, saber que mi familia esta bien","jugar con los gatos, video juegos y ayudarle a mi mam√°","que se acabe el covid"
"9/4/2020 11:57:23","Si","Ni√±a","10","Privado","Quinto","San Jos√©","4","S√≠","Contagiarme","Tristeza, enojo y felicidad ","Jugando con amigas en l√≠nea ","Cuando no puedo salir ni ver a compa√±eros","Videojuegos, jugar y hablar con amigas en linea","Clases, estudio","Que se termine la pandemia"
"9/4/2020 13:30:35","Si","Ni√±o","12","Privado","Sexto","San Jos√©","4","S√≠","Que algun familiar se contagie","Alegria , emocion y sorpresa ","cuando me saco buenas notasen los quizes","en ninguno ","estar con mi familia, ver tele y jugar ","comer mucho ","que se acabe esta pandemia "
"9/4/2020 17:02:04","Si","Ni√±o","11","Privado","Quinto","Cartago","3","S√≠","que mi abuelita se contagie porque tiene riesgo de muerte","aburrimiento, pereza y ansiedad","todo el tiempo","nunca","jugar tel√©fono, jugar con mis perros, las fiestas de las clases virtuales","caminar en la caminadora, yoga, cocinar postres","que la pandemia se elimine"
"9/4/2020 22:04:51","Si","Ni√±a","10","Privado","Cuarto","San Jos√©","4","S√≠","Que nos enfermemos todos","Estr√©s, tristeza, felicidad","Cuando me dieron una perrita","Cuando extra√±o a mis amigos","Jugar barbies, jugar con mi perrita, jugar basketball","Cine en casa, tocar piano, visitar a mi perrita antes de q me la dieran","Que se acabe el coronavirus"
"9/5/2020 8:14:13","Si","Ni√±a","10","P√∫blico","Cuarto","San Jos√©","M√°s de 5","S√≠","Mis mayores preocupaciones durante esta pandemia es que a le de COVID-19 a toda mi familia y a mi","Preocupaci√≥n
Miedo
Felicidad ","Cu√°ndo toda mi familia y yo estamos compartiendo tiempo juntos ","Cunado me di cuenta que unos familiares sercanos estaban enfermos de COVID - 19","Cunado fui a dejarle el regalo del d√≠a de la madre a mi abuelita
Cundo tuve clases virtuales
Cuando sal√≠ a saltar la cuerda ","Compartir con mis hermanos
Estar en mi casa","Si pudiera pedir un deseo ser√≠a ir a pasear con toda mi familia a Cabinas San Isidro (Puntarenas) "
"9/5/2020 13:21:48","Si","Ni√±o","10","Privado","Cuarto","Guanacaste","4","S√≠","No ir a la escuela, es m√°s facil hacer en papel que computadora. ","Alegre, aburrido y molesto. ","Jugar y logrando hacer tareas","Salir de casa pero no poder bajar del carro, por no ver a mis amigos de la escuela, no puedo jugar y no los puedo abrazar","Hacer tareas, jugar y jugar en el patio. ","Ver peliculas y dormir","Que la pandemia se acabe "
"9/5/2020 17:26:26","Si","Ni√±a","12","P√∫blico","Sexto","San Jos√©","3","No","Mis padres que salen a trabajar. ","Tristeza, paz, compasi√≥n ","Cuando estoy con los padres, los amo ","Cuando veo que hay agente que no se cuida ","Ejercicio, recetas de cocina, estar con mis padres y orar ","Orar, ordenar mi cuarto, leer, ejercicio ","Volver a la escuela "
"9/5/2020 18:10:50","Si","Ni√±a","11","Privado","Sexto","San Jos√©","4","S√≠","Mi preocupaci√≥n es si voy a ganar el a√±o","Preocupaci√≥n, felicidad de estar m√°s tiempo en casa pero tambien inseguridad con la escuela porque es diferente ","Cuando hago reposter√≠a con mi abuela","Cuando me trasladaron de escuela. A","Andar en bicicleta con mi t√≠o, hermano y padres.
Mi mama me compro un libro de recetas. 
Juegos de mesa con mis padres","Ayudo en limpiar mi casa, acomodar la cocina","Que la Pandemia termine y que no se enferme nadie m√°s. "
"9/7/2020 12:32:46","Si","Ni√±a","10","P√∫blico","Cuarto","Cartago","M√°s de 5","S√≠","Contagiarme","Feliz,triste y enojada","Cuando juego","Cuando veo las noticias","Jugar, ver TV  y  dormir","Pintar, estudiar y ayudar en la casa","Que mis pap√°s no se separen "
"9/7/2020 13:44:24","Si","Ni√±o","10","Privado","Cuarto","Cartago","3","S√≠","Que afecte a mis seres queridos o a m√≠","Enojo miedo alegr√≠a","Cuando puedo ver a mis amigos","Cu√°ndo no podemos reunirnos","Jugar pasar tiempo en familia ayudar a otros","Atender mi mascota ver pel√≠culas","Que todo esto pase pronto"
"9/7/2020 14:28:25","Si","Ni√±a","12","P√∫blico","Sexto","Cartago","3","S√≠","Que alguno de mi familia enferme","Miedo, ansiedad, tristeza por no poder ir a la escuela. Era mi √∫ltimo a√±o escolar","Cuando comparto con mi familia ","No poder ver algunos familiares y amigos","Ver pel√≠culas, cuando empec√© clases virtuales, y ayudarle a mam√° ","Jugar con el celular","Que termine la pandemia, y que mi familia y seres queridos nunca enfermen"
"9/7/2020 18:55:49","Si","Ni√±a","12","P√∫blico","","Cartago","4","No","Contagiarse","Estresada, aburrida, de mal humor.","Cuando puedo salir de paseo a lag√∫n lugar.","En ning√∫n momento","Ir a la playa nada mas","Nada solo tareas","Poder ir al cole"
"9/8/2020 21:05:56","Si","Ni√±o","11","P√∫blico","Quinto","Cartago","3","S√≠","Que alg√∫n miembro de mi familia se contagie, especialmente mis abuelitos.","Preocupaci√≥n, triste","Casi todos los d√≠as, cuando siembro","Cuando escucho que mueren personas.","Jugar bola en mi patio, sembrar hortalizas, ba√±ar mi perro. ","Entrenar, dibujar, pintar","Que todo esto acabe para poder volver a la escuela a jugar con mis amigos. Y que nadie m√°s se contagie. "
"9/14/2020 21:27:47","Si","Ni√±o","11","P√∫blico","Quinto","San Jos√©","4","S√≠","Que por falta del trabajo llegue √©l hambre ","Alegr√≠a, miedo, preocupaci√≥n ","Cuando juego ","Cuando extra√±o mi escuela ","Jugar, comer y dormir ","Estudiar y ayudar en los deberes de la casa ","Que termine esta pandemia "
"9/15/2020 10:09:09","Si","Ni√±a","12","Privado","Sexto","Guanacaste","4","S√≠","No reunirme con mis compa√±eros cuanto salgo de mi casa","Aburrimiento, tristeza y ansiedad ","Cuando salgo de mi casa","Cuando me mandan tareas","Video llamadas, dibujar y ver peliculas","Pintar y jugar juegos con el celular ","Que la  cuarentena nunca hubiera existido"
"9/18/2020 18:44:31","Si","Ni√±o","11","P√∫blico","Quinto","San Jos√©","4","S√≠","Que por falta del trabajo llegue √©l hambre ","Alegr√≠a, miedo, preocupaci√≥n ","Cuando juego ","Cuando extra√±o mi escuela ","Jugar, comer y dormir ","Estudiar y ayudar en los deberes de la casa ","Que termine esta pandemia "
